fmz_id_a,fmz_id_b,jaccard,file_a,file_b
638,747,0.71,计划委托买入.md,计划委托卖出.md
113986,113796,0.68,30行赌徒策略-做空.md,30行赌徒策略.md
115321,345,0.67,动态平衡alpha.md,单平台均衡策略.md
119038,117768,0.79,Paul-The-Gambler-Lévy-Gold-Edition.md,Paul-The-Gambler-Lévy.md
121522,191771,0.75,冰山委托买入简单版Simple-Iceberg-order-to-buy.md,现货冰山委托买入插件Simple-Iceberg-order-to-buy-Copy.md
121524,191772,0.77,冰山委托卖出简单版Simple-Iceberg-order-to-sell.md,现货冰山委托卖出插件Simple-Iceberg-order-to-sell-Copy.md
127691,128126,0.73,基于ATR波动率指标构建的通道策略Channel-strategy-based-on-ATR-volatility-indicator.md,基于ATR波动率指标构建的通道策略Channel-strategy-based-on-ATR.md
178712,255590,0.68,Bit-Maker-30-套利-智能学习-USDT-本位-Binance-单平台-Arbitrage-USDT-Standard.md,Bit-Maker-现货USDT合约总余额监控.md
191582,191730,0.77,现货买入一直占据买一插件.md,现货卖出一直占据卖一插件.md
205143,209461,0.72,RecordsCollecter-升级提供自定义数据源功能.md,RecordsCollecter-升级提供自定义数据源功能支持CSV数据文件提供数据源.md
214943,215007,0.68,现货单币种平衡策略.md,现货预定价格循环买卖.md
215022,215007,0.69,现货移动止盈策略.md,现货预定价格循环买卖.md
255590,255606,0.80,Bit-Maker-现货USDT合约总余额监控.md,Bit-Maker-现货USDT等额监控.md
322357,329093,0.66,现货平衡策略-001v.md,现货指数平衡策略-v11曾实盘跑过一段时间现在疑似有bug因为不用了懒得改.md
344060,353603,0.69,简单马丁格尔btc合约修改加仓倍率.md,简单马丁格尔多空交易策略.md
354232,265827,0.75,移植-OKCoin-韭菜收割机-多品种版-注释python版.md,移植-OKCoin-韭菜收割机-注释python版.md
360018,363766,0.66,Get-your-trend.md,Sma-BTC-killer.md
361480,440836,0.72,AlphaTrend.md,AlphaTrend双向跟踪策略AlphaTrend-Dual-Tracking-Strategy.md
361567,433011,0.71,Optimized-Trend-Tracker.md,多重移动平均线动态趋势策略Multiple-Moving-Average-Dynamic-Trend-Strategy.md
361661,434670,0.78,Bollinger-RSI-Double-Strategy-v11.md,BollingerRSI双重策略仅多头v12Bollinger-RSI-Double-Strategy-Long-Only-v12.md
361661,439640,0.68,Bollinger-RSI-Double-Strategy-v11.md,动量顺势双策略Momentum-Trend-Dual-Strategy.md
362012,435838,0.78,MACD-Willy-Strategy.md,MACD趋势追踪短线策略MACD-Trend-Following-Intraday-Strategy.md
362103,442843,0.75,EHMA-Range-Strategy.md,自适应指数平均线范围策略Adaptive-Exponential-Moving-Average-Range-Strategy.md
362178,367476,0.70,Diamond-Trend.md,Linear-trend.md
363766,363564,0.76,Sma-BTC-killer.md,Welcome-to-the-BEARMARKET-30MIN.md
363797,436984,0.79,Backtesting-Indicator.md,动态追踪止损策略Dynamic-Trailing-Stop-Loss-Strategy.md
364540,432356,0.77,CM-MACD-Custom-Indicator-Multiple-Time-Frame-V2.md,双均线交叉动量策略Dual-Moving-Average-Crossover-Momentum-Strategy.md
365322,364036,0.77,RedK-Dual-VADER-with-Energy-Bars.md,RedK-Volume-Accelerated-Directional-Energy-Ratio.md
365691,438816,0.71,Profit-Maximizer-PMax.md,乘法移动平均线双向交易策略Multiplicative-Moving-Average-Dual-direction-Trading-Strategy.md
365691,439094,0.67,Profit-Maximizer-PMax.md,动量突破优化趋势跟踪策略Momentum-Breakout-Optimization.md
365711,439751,0.69,ZigZag-PA-Strategy-V41.md,基于ZigZag的多种形态识别短线交易策略ZigZag-Pattern-Recognition-Short-term-Trading-Strategy.md
365727,436100,0.65,Hull-Suite-Strategy.md,动态移动平均线交易策略Trend-Trading-Strategy-Based-on-Dynamic-Moving-Average.md
366538,430758,0.69,Low-Scanner-strategy-crypto.md,低点扫描智能追踪法Low-Scanner-Smart-Tracking-Method.md
366935,440877,0.68,Price-Divergence-Strategy-v10.md,基于价格发散的趋势交易策略Price-Divergence-Based-Trend-Trading-Strategy.md
366941,429963,0.74,RSI-Divergence-Indicator.md,RSI趋势反转策略RSI-Trend-Reversal-Strategy.md
368715,435252,0.68,TUE-ADX-MACD-Confluence-V10.md,基于ADX和MACD指标的交易策略ADX-and-MACD-Indicators-based-Trading-Strategy.md
368736,439855,0.78,Follow-Line-Indicator.md,趋势追踪止损止盈策略Trend-Tracking-Stop-Loss-Take-Profit-Strategy.md
368738,361719,0.67,Demark-Reversal-Points-CC.md,Demark-Reversal-Points.md
376314,365028,0.72,Bully-Signals.md,QQE-signals.md
377541,361480,0.71,AlphaTrend-Strategy.md,AlphaTrend.md
377541,433423,0.72,AlphaTrend-Strategy.md,Alpha趋势跟踪止损策略Alpha-Trend-Strategy-with-Trailing-Stop-Loss.md
377541,440836,0.77,AlphaTrend-Strategy.md,AlphaTrend双向跟踪策略AlphaTrend-Dual-Tracking-Strategy.md
379760,442536,0.70,RSI-ZIGZAG22.md,基于RSI指标和ZigZag指标趋势追踪策略Trend-Tracking-Strategy-Based-on-RSI-and-ZigZag-Indicators.md
391341,365858,0.70,SSL-CHANNEL-STOCH-RSI.md,SSL-Channel.md
422794,429401,0.67,布林带策略止盈和马丁格尔倍投.md,魔改布林带策略止盈和马丁格尔倍投.md
425246,425193,0.76,子辰量化无限网格交易策略.md,子辰量化香农网格交易策略.md
426047,438780,0.73,VWMA-SMA-Bollinger-Bands-RSI-Strategy-Analyzing-Price-and-Volume-Correlation.md,量化交易双重指标策略Quantitative-Trading-Dual-Indicator-Strategy.md
426322,438498,0.69,Combo-Backtest-123-Reversal-Relative-Volatility-Index.md,量化双因子反转惯性交易策略Quantitative-Dual-Factor-Reversal-Inertia-Trading-Strategy.md
426339,437565,0.66,Bollinger-Band-Breakout-strategy.md,宽带突破策略Bollinger-Band-Breakout-Strategy.md
426339,440308,0.75,Bollinger-Band-Breakout-strategy.md,一种只做多头的布林带突破追踪策略The-Bollinger-Band-breakout-strategy-is-a-long-only-momentum-chasing-strategy.md
426357,361480,0.69,AlphaTrend-Adaptive-ATR-Channel-Breakout-Strategy.md,AlphaTrend.md
426357,433423,0.76,AlphaTrend-Adaptive-ATR-Channel-Breakout-Strategy.md,Alpha趋势跟踪止损策略Alpha-Trend-Strategy-with-Trailing-Stop-Loss.md
426461,436252,0.76,Noros-Fast-RSI-Breakthrough-Strategy.md,Noro的快速RSI切换策略v17Fast-Scalping-RSI-Switching-Strategy-v17.md
426461,443238,0.73,Noros-Fast-RSI-Breakthrough-Strategy.md,快速RSI反转交易策略Fast-RSI-Reversal-Trading-Strategy.md
426474,426558,0.68,Trading-Strategy-Following-Dual-Timeframe-Trends.md,多时段MACD-StochRSI组合策略Multi-Timeframe-MACD-StochRSI-Combo-Strategy.md
426509,430017,0.66,快速RSI指标突破交易策略Fast-RSI-Breakout-Trading-Strategy.md,鲍威尔指数快速突破策略Fast-RSI-Breakthrough-Strategy.md
426556,432304,0.75,周末区间震荡策略Weekend-Range-Trading-Strategy.md,周末波动交易策略Weekend-Volatility-Trading-Strategy.md
426573,442127,0.70,自适应零滞后EMA交易策略Adaptive-Zero-Lag-EMA-Trading-Strategy.md,自适应零滞后指数移动平均线量化交易策略Adaptive-Zero-Lag-Exponential-Moving-Average-Quantitative-Trading-Strategy.md
426576,440681,0.74,RSI均线移动止损止盈策略RSI-Moving-Average-Trailing-Stop-Strategy.md,基于RSI和SMA的短期交易策略Short-Term-Trading-Strategy-Based-on-RSI-and-SMA.md
426581,426561,0.69,多因子量化交易策略Multi-factor-Quantitative-Trading-Strategy.md,多指标组合交易策略Multi-Indicator-Combo-Trading-Strategy.md
426606,441161,0.71,基于ADX指标的趋势反转策略Trend-Reversal-Strategy-Based-on-ADX-Indicator.md,结合RSI指标与价格突破的短线策略A-Short-term-Strategy-Combining-RSI-Indicator-and-Price-Breakthrough.md
426623,432357,0.70,基于Stochastic-RSI指标的反转交易策略Reversal-Trading-Strategy-Based-on-Stochastic-RSI.md,多时间框架MA蒙德里安交叉策略MZ-MA-Cross-Multiple-TimeFrame-Strategy.md
426991,430011,0.68,Hull-移动平均趋势跟踪策略Hull-Moving-Average-Trend-Following-Strategy.md,均线穿越多空策略Trend-Following-Strategy-Based-on-Moving-Average-Crossover.md
426991,435941,0.71,Hull-移动平均趋势跟踪策略Hull-Moving-Average-Trend-Following-Strategy.md,多种技术指标相结合策略Universal-Sniper-Strategy.md
426991,440311,0.68,Hull-移动平均趋势跟踪策略Hull-Moving-Average-Trend-Following-Strategy.md,开箱即用的机器学习交易策略Out-of-the-box-Machine-Learning-Trading-Strategy.md
426991,440693,0.71,Hull-移动平均趋势跟踪策略Hull-Moving-Average-Trend-Following-Strategy.md,耐心剖析K线蕴含宝贵信息的三重均线波段策略The-Triple-Moving-Average-Channel-Strategy-for-Patiently-Mining-Valuable-Information-from-Candlestick-Lines.md
426993,426598,0.67,Parabolic-SAR扇形跟踪止损策略Parabolic-SAR-Trailing-Stop-Loss-Strategy.md,基于ATR指标的抛物线止损策略Parabolic-SAR-Trailing-Stop-Strategy-Based-on-ATR-Indicator.md
426995,432340,0.68,动态价格通道交易策略Dynamic-Price-Channel-Trading-Strategy.md,趋势区间突破策略Trend-Breakout-Strategy-Based-on-Bollinger-Bands.md
426995,435019,0.74,动态价格通道交易策略Dynamic-Price-Channel-Trading-Strategy.md,诺罗波动通道scalping策略Noros-Price-Channel-Scalping-Strategy.md
427090,436514,0.79,双均线金叉死叉策略Dual-Moving-Average-Crossover-Strategy.md,基于移动平均线的单边开仓策略Single-Side-Entry-Strategy-Based-on-Moving-Average.md
427120,438037,0.76,Noro波带趋势跟踪策略Noro-Bands-Trend-Following-Strategy.md,双重均线震荡突破策略Dual-Moving-Average-Oscillation-Breakout-Strategy.md
427136,435123,0.74,分形混沌震荡器交易策略Fractal-Chaos-Oscillator-Trading-Strategy.md,基于价格极值点的趋势性交易策略Trend-Trading-Strategy-Based-on-Price-Extremum.md
427160,433570,0.67,TSI指标CCI指标霍尔移动均线交易策略TSI-CCI-Hull-Moving-Average-Trading-Strategy.md,基于TSI和CCI的霍尔移动平均趋势跟踪策略TSI-and-CCI-Hull-Moving-Average-Trend-Tracking-Strategy.md
427161,428066,0.71,动态止损交易视图策略Dynamic-Stop-Loss-Alert-TradingView-Strategy.md,基于STOCH交易策略的自动交易-Auto-Trading-Strategy-Based-on-STOCH.md
427304,429390,0.70,中心引力通道趋势跟踪策略Center-of-Gravity-SSL-Channel-Trend-Following-Strategy.md,动态ATR止损中心线策略Dynamic-ATR-Stop-Loss-Center-Line-Strategy.md
427377,427907,0.71,基于支点反转的交易策略Pivot-Point-Reversal-Trading-Strategy.md,轴心支撑压力反转策略Pivot-Reversal-Strategy.md
427399,433944,0.74,基于SuperTrend的长线交易策略Long-Term-Trading-Strategy-Based-on-SuperTrend.md,超趋势均线BOLL指标策略Supertrend-Bollinger-Bands-Strategy.md
427447,429334,0.65,一目均衡表与RSI组合策略Ichimoku-Cloud-and-RSI-Combination-Strategy.md,基于均线和MACD的策略Ichimoku-Cloud-with-MACD-Strategy.md
427447,438972,0.67,一目均衡表与RSI组合策略Ichimoku-Cloud-and-RSI-Combination-Strategy.md,基于Ichimoku-Kinko-Hyo指标的突破策略Ichimoku-Kinko-Hyo-Breakout-Strategy.md
427447,440872,0.68,一目均衡表与RSI组合策略Ichimoku-Cloud-and-RSI-Combination-Strategy.md,基于一云突破和ADX指标的量化交易策略Quantitative-Trading-Strategy-Based-on-Ichimoku-Cloud-Breakout-and-ADX-Index.md
427510,437747,0.70,多时间框架移动平均交易策略Multi-Timeframe-Moving-Average-Trading-Strategy.md,移动均线多时标交叉优化策略Multi-Timeframe-Moving-Average-Crossover-Optimization-Strategy.md
427510,438047,0.76,多时间框架移动平均交易策略Multi-Timeframe-Moving-Average-Trading-Strategy.md,移动平均线交叉信号策略Moving-Average-Cross-Signal-Strategy.md
427589,427934,0.74,多均线限价交易策略Multi-MA-Limit-Order-Trading-Strategy.md,白盒冰山策略Robot-White-Box-Iceberg-Strategy.md
427678,434461,0.71,SSL动量指标组合交易策略SSL-Momentum-Combo-Trading-Strategy.md,逐日缠绕分心线量化策略SSL-Hybrid-Exit-Arrow-Quant-Strategy.md
427806,429786,0.66,基于市场真势波动的云图交叉策略Cloud-Crossover-Strategy-Based-on-Market-Momentum.md,延迟交叉双线交易策略Ichimoku-Lagging-Cross-Dual-Line-Trading-Strategy.md
427883,435291,0.66,双重反转RSI动量策略Double-Reversal-RSI-Momentum-Strategy.md,双重反转趋势跟踪策略Dual-Reversal-Trend-Tracking-Strategy.md
427883,436770,0.65,双重反转RSI动量策略Double-Reversal-RSI-Momentum-Strategy.md,多因子反转量化交易策略Multi-factor-Quantitative-Trading-Strategy.md
428082,432782,0.76,基于收盘价差异的短线交易策略Closing-Price-Difference-Based-Short-term-Trading-Strategy.md,基于日线收盘价比较的量化交易策略Quantitative-Trading-Strategy-Based-on-Daily-Close-Price-Comparison.md
428578,427399,0.71,EMA增强超级趋势策略EMA-Enhanced-SuperTrend-Strategy.md,基于SuperTrend的长线交易策略Long-Term-Trading-Strategy-Based-on-SuperTrend.md
428578,454742,0.71,EMA增强超级趋势策略EMA-Enhanced-SuperTrend-Strategy.md,SuperTrend策略优化动态波动率跟踪与交易信号增强系统-SuperTrend-Strategy-Optimization-Dynamic-Volatility-Tracking-and-Enhanced-Trading-Signal-System.md
428613,427399,0.78,双移动均线策略Dual-Moving-Average-Crossover-Strategy.md,基于SuperTrend的长线交易策略Long-Term-Trading-Strategy-Based-on-SuperTrend.md
428626,435288,0.66,反转趋势突破策略Reversal-Breakout-Trend-Strategy.md,基于随机转向因子和关键反转信号的组合反转策略Combination-Reversal-Strategy-Based-on-Stochastic-Turnaround-Factor-and-Key-Reversal-Signal.md
428626,440369,0.72,反转趋势突破策略Reversal-Breakout-Trend-Strategy.md,坚果123反转与突破范围短线交易策略Peanut-123-Reversal-and-Breakout-Range-Short-term-Trading-Strategy.md
428626,442823,0.65,反转趋势突破策略Reversal-Breakout-Trend-Strategy.md,基于双重反转策略The-Dual-Reversal-Strategy.md
428704,430748,0.73,自适应止损跟踪策略Adaptive-Trailing-Stop-Strategy.md,金叉死叉动态止损策略Trend-Following-Strategy-with-Dynamic-Stops.md
428705,433011,0.66,双OTT趋势跟踪策略Twin-Optimized-Trend-Tracker-Strategy.md,多重移动平均线动态趋势策略Multiple-Moving-Average-Dynamic-Trend-Strategy.md
428795,427239,0.73,基于MACD和RSI的长短双向交易策略MACD-and-RSI-Based-Long-Short-Trading-Strategy.md,基于MACD的加密货币交易策略Crypto-Trading-Strategy-Based-on-MACD.md
428855,432231,0.66,反转预判与振荡器组合策略Reversal-Prediction-and-Oscillator-Combo-Strategy.md,回调后周期反转趋势跟随策略Cycle-Reversal-Trend-Following-Strategy-after-Pullback.md
429159,436652,0.77,一目均衡策略Ichimoku-Breakout-Strategy.md,一目均衡趋势跟踪策略Ichimoku-Balance-Line-Strategy.md
429383,440107,0.79,双均线反转交易策略Dual-Moving-Average-Reversal-Trading-Strategy.md,基于移动平均线的量化交易策略Moving-Average-Crossover-Strategy.md
429389,430377,0.67,双EMA金叉死叉策略Dual-EMA-Crossover-Strategy.md,速慢双均线交易策略Fast-Slow-Dual-Moving-Average-Trading-Strategy.md
429390,427383,0.68,动态ATR止损中心线策略Dynamic-ATR-Stop-Loss-Center-Line-Strategy.md,基于自适应ATR止损的MACD交易策略MACD-Trading-Strategy-with-Adaptive-ATR-Stop-Loss.md
429460,438470,0.66,趋势追踪型最大移动平均线交叉策略Trend-Following-Maximized-Moving-Average-Crossover-Strategy.md,量化大师专属多级移动平均交叉策略Multi-level-Moving-Average-Crossing-Strategy-for-Quant-Masters.md
429466,437031,0.66,均线先行指标短期做空策略Short-term-Bearish-Strategy-Based-on-EMA-Crossover-and-Bear-Power-Indicators.md,量化双管齐下策略Quantitative-Dual-indicator-Strategy.md
429497,427344,0.75,双均线均值监控模型Dual-Moving-Average-Monitoring-Model.md,基于EMA和MACD指标的跟踪止损交易策略EMA-and-MACD-Trading-Strategy-with-Trailing-Stop-Loss.md
429561,427162,0.68,双线性BB口系统策略Dual-Moving-Average-Bollinger-Band-System-Strategy.md,双轨带趋势跟踪策略Dual-Rail-Trend-Tracking-Strategy.md
429969,440092,0.78,三重模式震荡交易策略Triple-Pattern-Oscillation-Trading-Strategy.md,坚如磐石的趋势追踪策略Solid-Trend-Following-Strategy.md
430007,432340,0.69,双重移动平均线反转策略Dual-Moving-Average-Reversal-Strategy.md,趋势区间突破策略Trend-Breakout-Strategy-Based-on-Bollinger-Bands.md
430009,433968,0.73,Noros-值道策略v11Noros-Price-Channel-Strategy-v11.md,动量双均线交易策略Momentum-Dual-Moving-Average-Trading-Strategy.md
430020,436860,0.75,双均线转向点交易策略Dual-Moving-Average-Turning-Point-Strategy.md,逆转双均线交叉策略Reversal-Dual-Moving-Average-Crossover-Strategy.md
430020,439051,0.71,双均线转向点交易策略Dual-Moving-Average-Turning-Point-Strategy.md,基于MA转折点的长短策略MA-Turning-Point-Long-and-Short-Strategy.md
430050,429510,0.72,DEMA波动率指标策略DEMA-Volatility-Index-Strategy.md,DEMA趋势追踪策略The-DEMA-Trend-Following-Strategy.md
430065,438463,0.72,多空力量策略回测Bull-and-Bear-Power-Backtest-Strategy.md,承压指标追踪策略Bear-Power-Tracking-Strategy.md
430069,437527,0.70,双边波段过滤策略Dual-Bandpass-Filter-Strategy.md,带通滤波趋势提取策略Bandpass-Filtering-Trend-Extraction-Strategy.md
430117,433583,0.70,动量套利策略回测分析Momentum-Arbitrage-Strategy-Backtest-Analysis.md,基于CMO和WMA的动量交易策略Momentum-Trading-Strategy-Based-on-CMO-and-WMA.md
430117,440005,0.71,动量套利策略回测分析Momentum-Arbitrage-Strategy-Backtest-Analysis.md,基于CMO和WMA的双均线交易策略CMO-and-WMA-Based-Dual-Moving-Average-Trading-Strategy.md
430117,442108,0.74,动量套利策略回测分析Momentum-Arbitrage-Strategy-Backtest-Analysis.md,动量绝对值指标策略Absolute-Momentum-Indicator-Strategy.md
430176,435969,0.77,中央跳空与趋势追踪交易策略Price-Gap-and-Trend-Following-Trading-Strategy.md,逆转均值突破策略Reverse-Mean-Breakthrough-Strategy.md
430244,433958,0.66,多因子策略组合Multi-Factor-Strategy-Combination.md,多指标组合震荡定位突破策略Oscillation-Positioning-Breakthrough-Strategy-with-Multiple-Indicators.md
430269,435291,0.67,双重Stochastic底部反转策略Combined-Stochastic-Oscillator-and-123-Reversal-Strategy.md,双重反转趋势跟踪策略Dual-Reversal-Trend-Tracking-Strategy.md
430269,436770,0.66,双重Stochastic底部反转策略Combined-Stochastic-Oscillator-and-123-Reversal-Strategy.md,多因子反转量化交易策略Multi-factor-Quantitative-Trading-Strategy.md
430269,439087,0.65,双重Stochastic底部反转策略Combined-Stochastic-Oscillator-and-123-Reversal-Strategy.md,反转交叉捕捉策略Price-Reversal-with-Crossover-Capturing-Strategy.md
430375,433574,0.76,ICH云带扭转策略ICHIMOKU-KUMO-TWIST-STRATEGY.md,一云穿月双星吸金策略Ichimoku-Kumo-Twist-Gold-Absorbing-Strategy.md
430543,443036,0.75,双重均衡牛熊策略Dual-Balanced-Bulls-and-Bears-Strategy.md,双项式动量突破反转策略Binomial-Momentum-Breakout-Reversal-Strategy.md
430555,431408,0.66,动量反转组合策略Momentum-Reversal-Combo-Strategy.md,趋势追踪反转与埃勒斯先导指标联合策略Trend-Reversal-and-Ehlers-Leading-Indicator-Combo-Strategy.md
430662,428090,0.69,基于EMA和MAMA指标的交易策略EMA-and-MAMA-Indicators-Based-Trading-Strategy.md,基于Ehlers-MESA自适应移动平均线的交易策略Ehlers-MESA-Adaptive-Moving-Average-Trading-Strategy.md
430758,434671,0.78,低点扫描智能追踪法Low-Scanner-Smart-Tracking-Method.md,智能量化低点反转策略Smart-Quantitative-Bottom-Reversal-Trading-Strategy.md
430763,433911,0.69,创富综合策略Wealth-Creation-Composite-Strategy.md,双信号量化反转策略Reverse-Triad-Quantitative-Strategy.md
430763,436006,0.77,创富综合策略Wealth-Creation-Composite-Strategy.md,双因子量化反转追踪策略Dual-factor-Quantitative-Reversal-Tracking-Strategy.md
430763,440688,0.65,创富综合策略Wealth-Creation-Composite-Strategy.md,双指标反转趋势追踪策略Dual-Indicator-Mean-Reversion-Trend-Following-Strategy.md
430768,437694,0.77,双重反转交易策略Dual-Reversal-Trading-Strategy.md,多重指标碰撞反转策略Multi-indicator-Collision-Reversal-Strategy.md
430776,434293,0.80,动量突破均线交易策略Momentum-Breakout-Moving-Average-Trading-Strategy.md,双均线突破策略Dual-Moving-Average-Breakthrough-Strategy.md
430849,435959,0.76,三重移动平均线交易策略Triple-Moving-Average-Trading-Strategy.md,融合移动平均线多重交叉交易策略Multiple-Moving-Averages-Crossover-Trading-Strategy.md
430896,438775,0.67,双信号趋势跟踪策略Dual-Signal-Trend-Tracking-Strategy.md,基于双EMA和AC指标的趋势跟踪策略Dual-EMA-and-AC-Indicator-Based-Trend-Following-Strategy.md
430903,434609,0.79,威廉姆累积-分配指标Williams-AD策略Williams-Accumulation-Distribution-Williams-AD-Strategy.md,移动平均聚合Williams商业区买卖压力指标策略Moving-Average-Aggregation-Williams-Commercial-Bid-Ask-Pressure-Indicator-Strategy.md
430988,443139,0.70,基于SuperTrend和Fisher变换的趋势跟随长线策略Trend-Following-Long-Term-Strategy-Based-on-SuperTrend-and-Fisher-Transform.md,市场逆转双重动量策略Market-Reversal-Momentum-Strategy.md
431275,437632,0.74,双向反转与动量均线策略Bidirectional-Reversal-and-Momentum-Moving-Average-Strategy.md,双重反转CMO量子策略Dual-Reversion-CMO-Quantum-Strategy.md
431396,443110,0.72,双重随机策略Dual-Stochastics-Strategy.md,多时间框架随机指数均线策略Multi-Timeframe-Stochastic-Strategy.md
431397,442269,0.65,一目均衡云无偏移RSI过滤策略No-Offset-Ichimoku-Cloud-with-RSI-Filter-Strategy.md,一目均衡移势叠加量化策略Ichimoku-Kinko-Hyo-Cloud-QQE-Quantitative-Strategy.md
431967,426890,0.66,EMA百分比通道与布林带区间交易策略EMA-Percentage-Channel-with-Bollinger-Band-Range-Trading-Strategy.md,基于通道突破的趋势策略Trend-Following-Strategy-Based-on-Channel-Breakouts.md
432078,426556,0.77,周末交易策略Weekend-Trading-Strategy.md,周末区间震荡策略Weekend-Range-Trading-Strategy.md
432219,438024,0.73,基于相对强弱指标RSI策略Momentum-Reversal-RSI-Strategy.md,快速震荡RSI交易策略Fast-Oscillating-RSI-Trading-Strategy.md
432231,427813,0.66,回调后周期反转趋势跟随策略Cycle-Reversal-Trend-Following-Strategy-after-Pullback.md,多指标反转交易策略Dual-Indicator-Reversal-Trading-Strategy.md
432231,429485,0.66,回调后周期反转趋势跟随策略Cycle-Reversal-Trend-Following-Strategy-after-Pullback.md,搏浪者策略Surf-Rider-Strategy.md
432231,431408,0.70,回调后周期反转趋势跟随策略Cycle-Reversal-Trend-Following-Strategy-after-Pullback.md,趋势追踪反转与埃勒斯先导指标联合策略Trend-Reversal-and-Ehlers-Leading-Indicator-Combo-Strategy.md
432231,436770,0.66,回调后周期反转趋势跟随策略Cycle-Reversal-Trend-Following-Strategy-after-Pullback.md,多因子反转量化交易策略Multi-factor-Quantitative-Trading-Strategy.md
432355,427399,0.78,双向MA追踪止损策略Dual-Moving-Average-Tracking-Stop-Loss-Strategy.md,基于SuperTrend的长线交易策略Long-Term-Trading-Strategy-Based-on-SuperTrend.md
432366,427377,0.76,双向突破反转策略Bidirectional-Breakout-Reversal-Strategy.md,基于支点反转的交易策略Pivot-Point-Reversal-Trading-Strategy.md
432366,427907,0.73,双向突破反转策略Bidirectional-Breakout-Reversal-Strategy.md,轴心支撑压力反转策略Pivot-Reversal-Strategy.md
432759,430543,0.66,双向跨均线反转策略Dual-Cross-Moving-Average-Reversal-Strategy.md,双重均衡牛熊策略Dual-Balanced-Bulls-and-Bears-Strategy.md
432782,427066,0.76,基于日线收盘价比较的量化交易策略Quantitative-Trading-Strategy-Based-on-Daily-Close-Price-Comparison.md,日线收盘价对比策略Daily-Close-Price-Comparison-Strategy.md
432786,430066,0.71,动态区间突破策略Dynamic-Range-Breakout-Strategy.md,平滑均线拟合策略Bollinger-Band-Fitting-Strategy.md
432883,432231,0.67,双线性反转均线振荡器组合策略123-Reversal-Moving-Average-Convergence-Divergence-Combination-Strategy.md,回调后周期反转趋势跟随策略Cycle-Reversal-Trend-Following-Strategy-after-Pullback.md
432883,435291,0.65,双线性反转均线振荡器组合策略123-Reversal-Moving-Average-Convergence-Divergence-Combination-Strategy.md,双重反转趋势跟踪策略Dual-Reversal-Trend-Tracking-Strategy.md
432892,426558,0.74,双轨系统动量交易策略Dual-track-System-Momentum-Trading-Strategy.md,多时段MACD-StochRSI组合策略Multi-Timeframe-MACD-StochRSI-Combo-Strategy.md
432921,432231,0.66,双重反转追踪策略Dual-Reversal-Tracking-Strategy.md,回调后周期反转趋势跟随策略Cycle-Reversal-Trend-Following-Strategy-after-Pullback.md
432921,435288,0.77,双重反转追踪策略Dual-Reversal-Tracking-Strategy.md,基于随机转向因子和关键反转信号的组合反转策略Combination-Reversal-Strategy-Based-on-Stochastic-Turnaround-Factor-and-Key-Reversal-Signal.md
432921,440369,0.66,双重反转追踪策略Dual-Reversal-Tracking-Strategy.md,坚果123反转与突破范围短线交易策略Peanut-123-Reversal-and-Breakout-Range-Short-term-Trading-Strategy.md
432975,435159,0.79,动态移动均线策略Dynamic-Moving-Average-Strategy.md,移动平均线区间突破策略Moving-Average-Channel-Breakout-Strategy.md
432977,437682,0.80,熊市反转哈拉米回测策略Bearish-Harami-Reversal-Backtest-Strategy.md,熊转魔法蜡烛反转策略Bearish-Engulfing-Reversal-Strategy.md
432979,426845,0.74,动量海龟趋势跟踪策略Momentum-Turtle-Trend-Tracking-Strategy.md,基于成交量比率的趋势策略Trend-Following-Strategy-Based-on-Volume-Ratio.md
432979,430880,0.70,动量海龟趋势跟踪策略Momentum-Turtle-Trend-Tracking-Strategy.md,坐标滑动止损策略Coordinate-Sliding-Stop-Loss-Strategy.md
433002,436148,0.78,动量结合趋势判断型多因子量化交易策略Momentum-Combined-with-Trend-Judgment-Multi-factor-Quantitative-Trading-Strategy.md,多因子模型动量反转策略Moment-Reversal-Strategy-Based-on-Multi-factor-Model.md
433079,434175,0.67,基于价格去趋势振荡器的量化交易策略Detrended-Price-Oscillator-Quantitative-Trading-Strategy.md,高点减指数移动平均线策略High-Minus-Exponential-Moving-Average-Stock-Strategy.md
433138,428855,0.65,双线交叉反转策略Dual-Moving-Average-Crossover-Reversal-Strategy.md,反转预判与振荡器组合策略Reversal-Prediction-and-Oscillator-Combo-Strategy.md
433138,432231,0.68,双线交叉反转策略Dual-Moving-Average-Crossover-Reversal-Strategy.md,回调后周期反转趋势跟随策略Cycle-Reversal-Trend-Following-Strategy-after-Pullback.md
433405,428796,0.77,价格动量追踪止损策略Price-Momentum-Tracking-Stop-Loss-Strategy.md,动量ADX与RSI结合可调尾随停止策略Momentum-ADX-with-RSI-Trailing-Stop-Strategy.md
433448,427591,0.71,双均线震荡突破策略Dual-Moving-Average-Oscillation-Breakthrough-Strategy.md,双时间框架超趋势跟踪策略Dual-Timeframe-Supertrend-Tracking-Strategy.md
433565,436859,0.72,多时间框架MACD策略Multi-Timeframe-MACD-Strategy.md,多时间框架判断趋势策略Multi-Timeframe-Trend-Strategy.md
433583,440005,0.73,基于CMO和WMA的动量交易策略Momentum-Trading-Strategy-Based-on-CMO-and-WMA.md,基于CMO和WMA的双均线交易策略CMO-and-WMA-Based-Dual-Moving-Average-Trading-Strategy.md
433588,439240,0.68,动量波动追踪策略Noros-Bollinger-Tracking-Strategy.md,双B智能追踪策略Dual-B-Intelligent-Tracking-Strategy.md
434487,428790,0.79,动量突破卡玛拉支撑策略Momentum-Breakout-Camarilla-Support-Strategy.md,动量顺势突破策略A-Momentum-Breakout-Strategy.md
434487,430054,0.75,动量突破卡玛拉支撑策略Momentum-Breakout-Camarilla-Support-Strategy.md,基于卡马利拉通道的突破策略Breakout-Strategy-Based-on-Camarilla-Channels.md
434579,432231,0.66,双重优化组合反转EMA加权交易策略Comb-Reverse-EMA-Volume-Weighting-Optimization-Trading-Strategies.md,回调后周期反转趋势跟随策略Cycle-Reversal-Trend-Following-Strategy-after-Pullback.md
434678,431662,0.67,双重反转动点指数均线策略Reversal-Dynamic-Pivot-Points-Exponential-Moving-Average-Strategy.md,高低位突破量化策略High-Low-Breakout-for-Quantitative-Trading.md
434981,431223,0.72,平滑移动平均带策略The-Smooth-Moving-Average-Ribbon-Strategy.md,平滑移动平均线策略Smoothed-Moving-Average-Strategy.md
434998,435256,0.65,基于价格内部波动通道的看涨看跌策略Look-Up-and-Look-Down-Strategy-Based-on-Internal-Price-Channels.md,指数修正分析过滤策略Modulo-Logic-With-EMA-Filter-Strategy.md
435095,429579,0.71,波动率价格通道均线交易策略Volatility-Price-Channel-Moving-Average-Trading-Strategy.md,超趋势V策略Super-Trend-V-Strategy.md
435137,439609,0.75,基于EVWMA指标的趋势跟踪策略EVWMA-Trend-Following-Strategy.md,基于EVWMA的MACD交易策略EVWMA-based-MACD-Trading-Strategy.md
435156,427877,0.72,动量反转策略Momentum-Reversal-Strategy.md,动量策略Momentum-Strategy.md
435156,432349,0.69,动量反转策略Momentum-Reversal-Strategy.md,双动量指标突破策略Dual-Momentum-Breakout-Strategy.md
435250,435888,0.73,基于加速振荡器的趋势反转策略Trend-Reversal-Strategy-Based-on-Accelerator-Oscillator.md,震荡波动优异指标交易策略Bill-Williams-Awesome-Oscillator-Trading-Strategy.md
435254,439974,0.69,双均线交叉点位策略Open-Close-Cross-Point-Strategy.md,震荡型广谱移动平均线交易策略Oscillation-Spectrum-Moving-Average-Trading-Strategy.md
435291,429771,0.65,双重反转趋势跟踪策略Dual-Reversal-Trend-Tracking-Strategy.md,反转均线包络策略123-Reversal-Moving-Average-Envelope-Strategy.md
435291,432231,0.66,双重反转趋势跟踪策略Dual-Reversal-Trend-Tracking-Strategy.md,回调后周期反转趋势跟随策略Cycle-Reversal-Trend-Following-Strategy-after-Pullback.md
435291,436770,0.70,双重反转趋势跟踪策略Dual-Reversal-Trend-Tracking-Strategy.md,多因子反转量化交易策略Multi-factor-Quantitative-Trading-Strategy.md
435465,427907,0.76,枢轴反转K线策略Pivot-Reversal-Candlestick-Strategy.md,轴心支撑压力反转策略Pivot-Reversal-Strategy.md
435502,432979,0.65,动量指标决策交易策略Momentum-Indicator-Decision-Trading-Strategy.md,动量海龟趋势跟踪策略Momentum-Turtle-Trend-Tracking-Strategy.md
435701,427883,0.66,双均线反转突破策略Dual-Moving-Average-Reversal-Breakout-Strategy.md,双重反转RSI动量策略Double-Reversal-RSI-Momentum-Strategy.md
435701,434484,0.65,双均线反转突破策略Dual-Moving-Average-Reversal-Breakout-Strategy.md,双重反转百分比变化柱形图量化策略Double-Reversal-Percentage-Change-Bar-Quantitative-Strategy.md
435701,440688,0.67,双均线反转突破策略Dual-Moving-Average-Reversal-Breakout-Strategy.md,双指标反转趋势追踪策略Dual-Indicator-Mean-Reversion-Trend-Following-Strategy.md
435716,435888,0.76,威廉指标的精妙震荡器AC回测策略AC-Backtest-Strategy-of-Williams-Indicator.md,震荡波动优异指标交易策略Bill-Williams-Awesome-Oscillator-Trading-Strategy.md
435722,438464,0.66,基于MACD指标的双均线交易策略MACD-Dual-Moving-Average-Tracking-Strategy.md,基于MACD的多时框架交易策略Multi-Timeframe-Trading-Strategy-Based-on-MACD.md
435761,435465,0.67,回转枢轴反转策略Pivot-Reversal-Strategy.md,枢轴反转K线策略Pivot-Reversal-Candlestick-Strategy.md
435831,428060,0.79,SMA波动偏移交易策略SMA-Offset-Fluctuation-Trading-Strategy.md,基于变化率的交易策略Rate-of-Change-Trading-Strategy.md
435837,432231,0.66,双因子反转追踪策略Dual-Factor-Mean-Reversion-Tracking-Strategy.md,回调后周期反转趋势跟随策略Cycle-Reversal-Trend-Following-Strategy-after-Pullback.md
435948,434984,0.69,基于一目均线系统的BTC交易策略Ichimoku-Kinko-Hyo-Based-BTC-Trading-Strategy.md,基于一目均衡表的趋势追踪策略Ichimoku-Trend-Following-Strategy.md
435972,431962,0.73,三重EMA趋势跟踪策略Triple-EMA-Trend-Following-Strategy.md,顺势突破-动量止损策略Momentum-Breakout-Strategy-with-Volatility-Stop.md
435972,443107,0.73,三重EMA趋势跟踪策略Triple-EMA-Trend-Following-Strategy.md,动量指标与移动平均线结合做多策略Momentum-and-Moving-Average-Combination-Long-Strategy.md
436215,435291,0.66,价格反转RSI组合策略Price-Reversal-RSI-Combo-Strategy.md,双重反转趋势跟踪策略Dual-Reversal-Trend-Tracking-Strategy.md
436215,436770,0.65,价格反转RSI组合策略Price-Reversal-RSI-Combo-Strategy.md,多因子反转量化交易策略Multi-factor-Quantitative-Trading-Strategy.md
436215,439087,0.71,价格反转RSI组合策略Price-Reversal-RSI-Combo-Strategy.md,反转交叉捕捉策略Price-Reversal-with-Crossover-Capturing-Strategy.md
436215,440094,0.68,价格反转RSI组合策略Price-Reversal-RSI-Combo-Strategy.md,双基指标跟随策略Multiple-Indicators-Follow-Strategy.md
436246,437527,0.66,基于经验模态分解的量化交易策略Empirical-Mode-Decomposition-Based-Quantitative-Trading-Strategy.md,带通滤波趋势提取策略Bandpass-Filtering-Trend-Extraction-Strategy.md
436252,433396,0.71,Noro的快速RSI切换策略v17Fast-Scalping-RSI-Switching-Strategy-v17.md,针对加密货币的快速RSI跳空策略Fast-RSI-Gap-Trading-Strategy-for-Cryptocurrencies.md
436491,433101,0.71,三均线交叉动量策略Three-SMA-Crossover-Momentum-Strategy.md,三重SMA自适应K线交叉长线策略Twisted-SMA-Adaptive-Crossover-Long-Line-Strategy.md
436599,434674,0.66,连续N根K线收阴策略N-Bar-Close-Below-Open-Short-Strategy.md,连续高点突破策略N-Consecutive-Higher-Closes-Breakout-Strategy.md
436614,434486,0.71,基于动态支撑阻力带的趋势跟踪策略Trend-Tracking-Strategy-Based-on-Dynamic-Pivot-Bands.md,趋势ATR横向突破策略Honey-Trend-ATR-Breakout-Strategy.md
436643,427193,0.68,Bollinger带通道-RSI双线策略Bollinger-Band-RSI-Dual-Line-Strategy.md,RSI布林带交易策略RSI-Bollinger-Bands-Trading-Strategy.md
436643,438780,0.69,Bollinger带通道-RSI双线策略Bollinger-Band-RSI-Dual-Line-Strategy.md,量化交易双重指标策略Quantitative-Trading-Dual-Indicator-Strategy.md
436643,439640,0.79,Bollinger带通道-RSI双线策略Bollinger-Band-RSI-Dual-Line-Strategy.md,动量顺势双策略Momentum-Trend-Dual-Strategy.md
436643,439866,0.72,Bollinger带通道-RSI双线策略Bollinger-Band-RSI-Dual-Line-Strategy.md,RSI与布林带量化策略RSI-Bollinger-Bands-Trading-Strategy.md
436643,441147,0.70,Bollinger带通道-RSI双线策略Bollinger-Band-RSI-Dual-Line-Strategy.md,RSI与布林带融合的LTC交易策略RSI-and-Bollinger-Bands-Fusion-Trading-Strategy-for-LTC.md
436644,427893,0.76,惯性指标交易策略Inertia-Indicator-Trading-Strategy.md,相对波动指数回测策略Relative-Volatility-Index-Backtesting-Strategy.md
436783,430053,0.78,基于SMA均线和RSI指标的白银价格短期交易策略Short-Term-Silver-Trading-Strategy-Based-on-SMA-and-RSI-Indicators.md,顺势而为的移动平均线交叉策略Going-with-the-Trend-Moving-Average-Crossover-Strategy.md
436787,435154,0.72,动量指标交叉策略Momentum-Indicator-Crossover-Strategy.md,移动均线交叉交易策略EMA-Crossover-Trading-Strategy.md
436791,435522,0.65,双因子组合反转交易策略Dual-factor-Reversal-Trading-Strategy.md,双重反转均衡策略Dual-Reversion-Balance-Strategy.md
437034,431270,0.73,基于QQE和MA的趋势跟踪策略Trend-Following-Strategy-Based-on-QQE-and-MA.md,趋势追随型MA均线交叉交易策略Trend-Following-Moving-Average-Crossover-Trading-Strategy.md
437400,430040,0.75,动量均线交叉和MACD过滤的海肯阿什蜡烛策略Momentum-Crossover-Moving-Average-and-MACD-Filter-Heikin-Ashi-Candlestick-Strategy.md,追踪移动均线交易策略Moving-Average-Tracking-Trading-Strategy.md
437400,430121,0.75,动量均线交叉和MACD过滤的海肯阿什蜡烛策略Momentum-Crossover-Moving-Average-and-MACD-Filter-Heikin-Ashi-Candlestick-Strategy.md,均线交叉和MACD过滤的海因阿修蜡烛策略V3Heiken-Ashi-Moving-Average-Crossover-Strategy-with-MACD-Filter-V3.md
437505,435256,0.67,双波动带截断策略Double-Bollinger-Band-Breakout-Strategy.md,指数修正分析过滤策略Modulo-Logic-With-EMA-Filter-Strategy.md
437515,431408,0.67,双重反转高-低策略Dual-Reversal-High-Low-Strategy.md,趋势追踪反转与埃勒斯先导指标联合策略Trend-Reversal-and-Ehlers-Leading-Indicator-Combo-Strategy.md
437515,432231,0.74,双重反转高-低策略Dual-Reversal-High-Low-Strategy.md,回调后周期反转趋势跟随策略Cycle-Reversal-Trend-Following-Strategy-after-Pullback.md
437632,429948,0.72,双重反转CMO量子策略Dual-Reversion-CMO-Quantum-Strategy.md,多因子动量和反转组合策略Momentum-Reversal-Combo-Strategy.md
437644,438467,0.71,基于熊力量指标的量化交易策略Bear-Power-Strategy.md,牛市力量交易策略Bull-Power-Trading-Strategy.md
437658,432231,0.65,双均线交叉反转趋势追踪策略Dual-Moving-Average-Crossover-Reverse-Trend-Tracking-Strategy.md,回调后周期反转趋势跟随策略Cycle-Reversal-Trend-Following-Strategy-after-Pullback.md
437658,437515,0.66,双均线交叉反转趋势追踪策略Dual-Moving-Average-Crossover-Reverse-Trend-Tracking-Strategy.md,双重反转高-低策略Dual-Reversal-High-Low-Strategy.md
437664,434487,0.77,Camarilla支撑阻力层突破策略Camarilla-Pivot-Breakout-Strategy.md,动量突破卡玛拉支撑策略Momentum-Breakout-Camarilla-Support-Strategy.md
437747,438047,0.75,移动均线多时标交叉优化策略Multi-Timeframe-Moving-Average-Crossover-Optimization-Strategy.md,移动平均线交叉信号策略Moving-Average-Cross-Signal-Strategy.md
437759,430996,0.74,基于趋势追踪的动量突破策略Trend-Following-Momentum-Breakout-Strategy.md,超越云层的策略Beyond-The-Clouds-Strategy.md
437763,426842,0.74,Ichimoku云带量化交易策略Ichimoku-Cloud-Quantitative-Trading-Strategy.md,多指标组合的短线量化交易策略Multi-Indicator-Short-Term-Algorithmic-Trading-Strategy.md
437780,436645,0.76,双机构量化反转追踪策略Reversal-Tracking-Strategy-with-Double-Mechanisms.md,融合双重趋势信号的反转指数量化策略Quantitative-Reversal-Index-Strategy-Integrating-Dual-Trend-Signals.md
437789,439601,0.71,动量指标驱动的三重确认趋势跟踪策略The-Momentum-Driven-Triple-Confirmation-Trend-Following-Strategy.md,动量震荡器趋势跟踪策略Momentum-Oscillator-Trend-Tracking-Strategy.md
438026,435256,0.78,双向追Momentum止盈止损策略Consecutive-Up-Down-Strategy-with-Reverse-and-SL-TP-Extension.md,指数修正分析过滤策略Modulo-Logic-With-EMA-Filter-Strategy.md
438026,437505,0.68,双向追Momentum止盈止损策略Consecutive-Up-Down-Strategy-with-Reverse-and-SL-TP-Extension.md,双波动带截断策略Double-Bollinger-Band-Breakout-Strategy.md
438053,434966,0.70,Andrew-Abraham趋势追踪策略Andrew-Abraham-Trend-Tracking-Strategy.md,基于趋势交易者平均线的布林带回测策略Trend-Trader-Bands-Backtest-Strategy-Based-on-Trend-Trader-Moving-Average.md
438053,442566,0.78,Andrew-Abraham趋势追踪策略Andrew-Abraham-Trend-Tracking-Strategy.md,基于动态趋势追踪策略Trading-Dynamic-Trend-Tracking-Strategy.md
438058,427506,0.65,双MA顺势突破策略Dual-MA-Trend-Breakout-Strategy.md,趋势均线交易策略Trend-Moving-Average-Trading-Strategy.md
438058,440559,0.78,双MA顺势突破策略Dual-MA-Trend-Breakout-Strategy.md,极端的Noro趋势均线策略Extreme-version-of-Noros-Trend-Moving-Averages-Strategy.md
438067,429466,0.73,双均线价格突破与多空力量平衡组合策略Dual-Moving-Average-Crossover-and-Bull-Bear-Power-Balance-Combination-Strategy.md,均线先行指标短期做空策略Short-term-Bearish-Strategy-Based-on-EMA-Crossover-and-Bear-Power-Indicators.md
438067,437031,0.71,双均线价格突破与多空力量平衡组合策略Dual-Moving-Average-Crossover-and-Bull-Bear-Power-Balance-Combination-Strategy.md,量化双管齐下策略Quantitative-Dual-indicator-Strategy.md
438457,429771,0.71,双均线策略与随机指标组合Dual-Moving-Average-Strategy-Combined-with-Stochastic-Indicator.md,反转均线包络策略123-Reversal-Moving-Average-Envelope-Strategy.md
438794,446459,0.79,基于双移动平均线交叉的回调入场策略EintSimple-Pullback-Strategy.md,移动平均回调追踪策略-Moving-Average-Pullback-Tracking-Strategy.md
438816,426590,0.77,乘法移动平均线双向交易策略Multiplicative-Moving-Average-Dual-direction-Trading-Strategy.md,基于PMax指标的趋势跟踪策略Trend-Following-Strategy-Based-on-PMax-Indicator.md
439036,440103,0.65,偏反指标回测策略Key-Reversal-Backtest-Strategy.md,关键反转信号回测策略Key-Reversal-Backtest-Strategy.md
439051,440310,0.68,基于MA转折点的长短策略MA-Turning-Point-Long-and-Short-Strategy.md,移动平均线转折点交叉交易策略Moving-Average-Turning-Point-Crossover-Trading-Strategy.md
439064,438946,0.65,利用价格动量指标实现的趋势跟踪策略Momentum-Breakout-Strategy.md,趋势强度确认策略Trend-Strength-Confirm-Bars-Strategy.md
439065,426558,0.74,多因子驱动趋势追踪策略Multifactor-Driven-Trend-Trading-Strategy.md,多时段MACD-StochRSI组合策略Multi-Timeframe-MACD-StochRSI-Combo-Strategy.md
439084,442078,0.73,埃勒斯随机周期量化交易策略Ehlers-Stochastic-Cyber-Cycle-Strategy.md,基于信号平滑的埃尔斯循环策略Signal-Smoothing-Ehlers-Cyber-Cycle-Strategy.md
439094,426590,0.72,动量突破优化趋势跟踪策略Momentum-Breakout-Optimization.md,基于PMax指标的趋势跟踪策略Trend-Following-Strategy-Based-on-PMax-Indicator.md
439102,426514,0.67,动量波浪线布林带趋势策略Momentum-Wave-Bollinger-Bands-Trend-Strategy.md,布林带通道突破交易策略Bollinger-Band-Channel-Breakout-Trading-Strategy.md
439102,427245,0.67,动量波浪线布林带趋势策略Momentum-Wave-Bollinger-Bands-Trend-Strategy.md,基于移动转向轮廓的波动带突破策略Trend-Breakout-Strategy-Based-on-Moving-Turning-Profile-and-Bollinger-Bands.md
439102,430115,0.74,动量波浪线布林带趋势策略Momentum-Wave-Bollinger-Bands-Trend-Strategy.md,均线穿越波动带策略Mean-Reversion-Bollinger-Bands-Strategy.md
439102,436883,0.75,动量波浪线布林带趋势策略Momentum-Wave-Bollinger-Bands-Trend-Strategy.md,基于布林带的量化交易策略Bollinger-Bands-Based-Quantitative-Trading-Strategy.md
439113,431662,0.67,双重确认反转趋势追踪策略Dual-Confirmation-Reversal-Trend-Tracking-Strategy.md,高低位突破量化策略High-Low-Breakout-for-Quantitative-Trading.md
439181,438037,0.74,动量位置型NoroBands波段策略NoroBands-Momentum-Position-Strategy.md,双重均线震荡突破策略Dual-Moving-Average-Oscillation-Breakout-Strategy.md
439200,428579,0.73,多空均衡移动平均趋势跟随策略Multi-factor-Moving-Average-Trend-Following-Strategy.md,比特币和以太坊多头趋势策略BTC-and-ETH-Long-Trend-Strategy.md
439207,429967,0.78,耐心追踪趋势跟随型策略Patient-Trend-Following-Strategy.md,趋势震荡转折点系统Trend-Reversal-System.md
439225,430007,0.72,单边趋势震荡突破策略Single-Side-Trend-Shock-Breakout-Strategy.md,双重移动平均线反转策略Dual-Moving-Average-Reversal-Strategy.md
439229,430776,0.80,低买高卖的动量交易策略-Momentum-Breakout-Strategy.md,动量突破均线交易策略Momentum-Breakout-Moving-Average-Trading-Strategy.md
439343,442332,0.79,基于网格交易的自适应加密货币套利策略Adaptive-Cryptocurrency-Grid-Trading-Strategy-Based-on-Arbitrage.md,基于量化交易平台的自适应网格交易策略Adaptive-Grid-Trading-Strategy-Based-on-Quantitative-Trading-Platform.md
439638,431270,0.74,基于QQE指标的动量交易策略QQE-Momentum-Trading-Strategy.md,趋势追随型MA均线交叉交易策略Trend-Following-Moving-Average-Crossover-Trading-Strategy.md
439710,435835,0.73,基于ATR和RSI的自适应移动止损趋势跟踪策略Adaptive-ATR-and-RSI-Trend-Following-Strategy-with-Trailing-Stop-Loss.md,基于多因子模型的自适应趋势追踪策略Trend-Tracking-Strategy-Based-on-Multi-factor-Model-with-Adaptive-Trailing-Stoploss.md
439757,438794,0.79,基于动量回踩策略Momentum-Pullback-Strategy.md,基于双移动平均线交叉的回调入场策略EintSimple-Pullback-Strategy.md
439757,443988,0.79,基于动量回踩策略Momentum-Pullback-Strategy.md,基于双均线交叉量化策略The-EMA-Cross-Quantitative-Strategy.md
439762,430585,0.79,基于超趋势指标的多空自动交易策略Supertrend-Tracking-Strategy.md,特斯拉超趋势策略Tesla-Supertrend-Strategy.md
439823,427372,0.74,久期均线交叉Renko策略Long-term-Moving-Average-Crossover-Renko-Strategy.md,基于Renko砖和TEMA指标的微利策略Renko-Boxes-and-TEMA-Indicator-Micro-Profit-Strategy.md
439837,440559,0.71,双均线跟踪趋势策略Dual-Moving-Average-Trend-Tracking-Strategy.md,极端的Noro趋势均线策略Extreme-version-of-Noros-Trend-Moving-Averages-Strategy.md
439860,441055,0.72,利用RSI指标和均线指标的量化策略RSI-and-Moving-Average-Breakout-Strategy.md,双移动平均线稳健交易策略Robust-Dual-Moving-Average-Trading-Strategy.md
439866,439640,0.67,RSI与布林带量化策略RSI-Bollinger-Bands-Trading-Strategy.md,动量顺势双策略Momentum-Trend-Dual-Strategy.md
439954,429963,0.70,RSI多空分歧指标The-RSI-Divergence-Indicator-Strategy.md,RSI趋势反转策略RSI-Trend-Reversal-Strategy.md
439954,432315,0.79,RSI多空分歧指标The-RSI-Divergence-Indicator-Strategy.md,RSI离散分歧策略RSI-Divergence-Strategy.md
439960,436540,0.67,动量寻找策略Momentum-Finding-Strategy.md,双均线动量鞅策略Dual-Moving-Average-Momentum-Squeeze-Strategy.md
440094,426888,0.66,双基指标跟随策略Multiple-Indicators-Follow-Strategy.md,基于多指标验证的量化交易策略Quantitative-Trading-Strategy-with-Multi-Indicator-Confirmation.md
440094,427883,0.67,双基指标跟随策略Multiple-Indicators-Follow-Strategy.md,双重反转RSI动量策略Double-Reversal-RSI-Momentum-Strategy.md
440094,428582,0.66,双基指标跟随策略Multiple-Indicators-Follow-Strategy.md,多重指标组合策略Combo-Strategy-with-Multiple-Indicators.md
440094,429771,0.66,双基指标跟随策略Multiple-Indicators-Follow-Strategy.md,反转均线包络策略123-Reversal-Moving-Average-Envelope-Strategy.md
440094,430269,0.68,双基指标跟随策略Multiple-Indicators-Follow-Strategy.md,双重Stochastic底部反转策略Combined-Stochastic-Oscillator-and-123-Reversal-Strategy.md
440094,432231,0.68,双基指标跟随策略Multiple-Indicators-Follow-Strategy.md,回调后周期反转趋势跟随策略Cycle-Reversal-Trend-Following-Strategy-after-Pullback.md
440094,432883,0.66,双基指标跟随策略Multiple-Indicators-Follow-Strategy.md,双线性反转均线振荡器组合策略123-Reversal-Moving-Average-Convergence-Divergence-Combination-Strategy.md
440094,435291,0.71,双基指标跟随策略Multiple-Indicators-Follow-Strategy.md,双重反转趋势跟踪策略Dual-Reversal-Trend-Tracking-Strategy.md
440094,436094,0.65,双基指标跟随策略Multiple-Indicators-Follow-Strategy.md,双指标量化策略Dual-Indicator-Quantitative-Strategy.md
440094,436770,0.71,双基指标跟随策略Multiple-Indicators-Follow-Strategy.md,多因子反转量化交易策略Multi-factor-Quantitative-Trading-Strategy.md
440094,440511,0.66,双基指标跟随策略Multiple-Indicators-Follow-Strategy.md,双机制动态趋势追踪策略Dual-Mechanism-Dynamic-Trend-Tracking-Strategy.md
440094,440688,0.67,双基指标跟随策略Multiple-Indicators-Follow-Strategy.md,双指标反转趋势追踪策略Dual-Indicator-Mean-Reversion-Trend-Following-Strategy.md
440310,436860,0.77,移动平均线转折点交叉交易策略Moving-Average-Turning-Point-Crossover-Trading-Strategy.md,逆转双均线交叉策略Reversal-Dual-Moving-Average-Crossover-Strategy.md
440316,427471,0.74,PPO价格敏感性动量双底定向交易策略PPO-Price-Sensitivity-Momentum-Double-Bottom-Directional-Trading-Strategy.md,PPO多空分歧交易策略PPO-Bull-Bear-Divergence-Trading-Strategy.md
440364,443038,0.75,基于时间和ATR指标的止损止盈策略Time-based-Strategy-with-ATR-Take-Profit.md,基于时间和ATR止损定时买入策略Time-based-ATR-Stop-Loss-Buy-Strategy.md
440438,431665,0.70,Noro平移均线止损策略Noro-Shifted-Moving-Average-Stop-Loss-Strategy.md,指标驱动型止损止盈策略An-Indicator-Driven-Stop-Loss-and-Take-Profit-Strategy.md
440456,431415,0.79,基于RSI指标的反转交易策略An-RSI-Reversal-Trading-Strategy.md,混沌交易规则止损策略Chaotic-Trading-Rules-Stop-Loss-Strategy.md
440511,431408,0.72,双机制动态趋势追踪策略Dual-Mechanism-Dynamic-Trend-Tracking-Strategy.md,趋势追踪反转与埃勒斯先导指标联合策略Trend-Reversal-and-Ehlers-Leading-Indicator-Combo-Strategy.md
440511,432231,0.69,双机制动态趋势追踪策略Dual-Mechanism-Dynamic-Trend-Tracking-Strategy.md,回调后周期反转趋势跟随策略Cycle-Reversal-Trend-Following-Strategy-after-Pullback.md
440511,437515,0.66,双机制动态趋势追踪策略Dual-Mechanism-Dynamic-Trend-Tracking-Strategy.md,双重反转高-低策略Dual-Reversal-High-Low-Strategy.md
440688,427883,0.68,双指标反转趋势追踪策略Dual-Indicator-Mean-Reversion-Trend-Following-Strategy.md,双重反转RSI动量策略Double-Reversal-RSI-Momentum-Strategy.md
440688,429771,0.65,双指标反转趋势追踪策略Dual-Indicator-Mean-Reversion-Trend-Following-Strategy.md,反转均线包络策略123-Reversal-Moving-Average-Envelope-Strategy.md
440688,434484,0.66,双指标反转趋势追踪策略Dual-Indicator-Mean-Reversion-Trend-Following-Strategy.md,双重反转百分比变化柱形图量化策略Double-Reversal-Percentage-Change-Bar-Quantitative-Strategy.md
440688,435291,0.67,双指标反转趋势追踪策略Dual-Indicator-Mean-Reversion-Trend-Following-Strategy.md,双重反转趋势跟踪策略Dual-Reversal-Trend-Tracking-Strategy.md
440688,436770,0.66,双指标反转趋势追踪策略Dual-Indicator-Mean-Reversion-Trend-Following-Strategy.md,多因子反转量化交易策略Multi-factor-Quantitative-Trading-Strategy.md
440716,438937,0.79,双向网格K线追踪交易策略Grid-Trading-Strategy-Based-on-Real-time-K-line-Tracking.md,自适应智能网格交易策略Adaptive-Intelligent-Grid-Trading-Strategy.md
440716,439343,0.79,双向网格K线追踪交易策略Grid-Trading-Strategy-Based-on-Real-time-K-line-Tracking.md,基于网格交易的自适应加密货币套利策略Adaptive-Cryptocurrency-Grid-Trading-Strategy-Based-on-Arbitrage.md
440716,445440,0.74,双向网格K线追踪交易策略Grid-Trading-Strategy-Based-on-Real-time-K-line-Tracking.md,基于多空自适应动态网格策略A-Long-Short-Adaptive-Dynamic-Grid-Strategy-Based.md
440716,446336,0.79,双向网格K线追踪交易策略Grid-Trading-Strategy-Based-on-Real-time-K-line-Tracking.md,网格交易风险对冲策略Grid-Trading-Risk-Hedging-Strategy.md
440872,429334,0.80,基于一云突破和ADX指标的量化交易策略Quantitative-Trading-Strategy-Based-on-Ichimoku-Cloud-Breakout-and-ADX-Index.md,基于均线和MACD的策略Ichimoku-Cloud-with-MACD-Strategy.md
440999,427189,0.73,双移动均线趋势跟踪策略Dual-Moving-Average-Trend-Tracking-Strategy.md,双移动平均线趋势跟踪策略Dual-Moving-Average-Trend-Following-Strategy.md
441050,436247,0.79,动态PSAR股票波动跟踪策略Dynamic-PSAR-Stock-Fluctuation-Tracking-Strategy.md,动量追踪抛物线停损反转策略Parabolic-SAR-Momentum-Reversal-Strategy.md
441050,440722,0.65,动态PSAR股票波动跟踪策略Dynamic-PSAR-Stock-Fluctuation-Tracking-Strategy.md,趋势跟踪止损反转策略-Parabolic-SAR-Trend-Tracking-Stop-Loss-Reversal-Strategy.md
441050,446334,0.74,动态PSAR股票波动跟踪策略Dynamic-PSAR-Stock-Fluctuation-Tracking-Strategy.md,基于抛物线指标和移动平均线的多空趋势判断策略EMA-Parabolic-Trend-Following-Strategy.md
441065,433448,0.78,双均线SuperTrend量化交易策略Dual-Moving-Average-Supertrend-Quantitative-Trading-Strategy.md,双均线震荡突破策略Dual-Moving-Average-Oscillation-Breakthrough-Strategy.md
441961,442823,0.65,双自信价格震荡量化策略Doubly-Confident-Price-Oscillation-Quant-Strategy.md,基于双重反转策略The-Dual-Reversal-Strategy.md
441962,438012,0.69,动态CCI突破策略DCCI-Breakout-Strategy.md,自定义向上突破策略Positive-Bars-Percentage-Breakout-Strategy.md
441969,442274,0.68,三均线震荡区间反转策略3-Moving-Average-Swing-Interval-Reversal-Strategy.md,基于双均线反转跟踪策略Dual-Moving-Average-Reversal-Tracking-Strategy.md
441969,442866,0.76,三均线震荡区间反转策略3-Moving-Average-Swing-Interval-Reversal-Strategy.md,趋势反转型跨时间幅特异波动率交易策略Trend-Reversal-with-Intrabar-Volatility-Trading-Strategy.md
442002,442866,0.75,多时间周期MACD零轴交叉反转策略scillator-Profile-Reversal-Strategy-Based-on-Multi-Timeframe-MACD-Zero-crossing.md,趋势反转型跨时间幅特异波动率交易策略Trend-Reversal-with-Intrabar-Volatility-Trading-Strategy.md
442016,441969,0.73,3-10震荡器轮廓标记策略3-10-Oscillator-Profile-Flagging-Strategy.md,三均线震荡区间反转策略3-Moving-Average-Swing-Interval-Reversal-Strategy.md
442016,442002,0.76,3-10震荡器轮廓标记策略3-10-Oscillator-Profile-Flagging-Strategy.md,多时间周期MACD零轴交叉反转策略scillator-Profile-Reversal-Strategy-Based-on-Multi-Timeframe-MACD-Zero-crossing.md
442016,442853,0.73,3-10震荡器轮廓标记策略3-10-Oscillator-Profile-Flagging-Strategy.md,价格震荡辅助判断三因子模型Three-Factors-Model-for-Price-Oscillation-Detection.md
442108,433583,0.72,动量绝对值指标策略Absolute-Momentum-Indicator-Strategy.md,基于CMO和WMA的动量交易策略Momentum-Trading-Strategy-Based-on-CMO-and-WMA.md
442109,428073,0.71,均线穿越与布林带突破策略Moving-Average-Breakout-and-Bollinger-Band-Breakout-Strategy.md,布林带RSIMACDStochastic多指标融合交易策略Bollinger-Bands-RSI-MACD-and-Stochastic-Multi-indicator-Fusion-Trading-Strategy.md
442211,429787,0.71,CDC动作区域策略CDC-Action-Zone-Strategy.md,穿越大师-反转突破策略Crossover-Master-Reversal-Breakout-Strategy.md
442249,439203,0.79,均线交叉长线并量化策略EMA-Crossover-for-Long-Line-Quant-Strategy.md,基于均线的趋势追踪策略-Trend-Following-Strategy-Based-on-Moving-Averages.md
442251,430562,0.74,RSI与MA均线交叉的趋势追踪策略RSI-and-MA-Crossover-Trend-Tracking-Strategy.md,双EMA黄金交叉策略Dual-EMA-Crossover-Strategy.md
442274,442002,0.67,基于双均线反转跟踪策略Dual-Moving-Average-Reversal-Tracking-Strategy.md,多时间周期MACD零轴交叉反转策略scillator-Profile-Reversal-Strategy-Based-on-Multi-Timeframe-MACD-Zero-crossing.md
442332,438937,0.79,基于量化交易平台的自适应网格交易策略Adaptive-Grid-Trading-Strategy-Based-on-Quantitative-Trading-Platform.md,自适应智能网格交易策略Adaptive-Intelligent-Grid-Trading-Strategy.md
442332,446336,0.79,基于量化交易平台的自适应网格交易策略Adaptive-Grid-Trading-Strategy-Based-on-Quantitative-Trading-Platform.md,网格交易风险对冲策略Grid-Trading-Risk-Hedging-Strategy.md
442363,426895,0.78,突破交易系统策略Breakout-Trading-System.md,突破追踪策略Breakout-Tracking-Strategy.md
442504,427381,0.67,双向追踪反转量化交易策略Bi-directional-Reversal-Quantitative-Trading-Strategy.md,多因子反转交易组合策略Multi-factor-Reversal-Trading-Combo-Strategy.md
442504,432231,0.67,双向追踪反转量化交易策略Bi-directional-Reversal-Quantitative-Trading-Strategy.md,回调后周期反转趋势跟随策略Cycle-Reversal-Trend-Following-Strategy-after-Pullback.md
442504,434682,0.67,双向追踪反转量化交易策略Bi-directional-Reversal-Quantitative-Trading-Strategy.md,融合反转与未来推移均线的量化交易策略Quantitative-Trading-Strategy-Integrating-Reversal-and-Future-Lines-of-Demarcation.md
442504,437515,0.66,双向追踪反转量化交易策略Bi-directional-Reversal-Quantitative-Trading-Strategy.md,双重反转高-低策略Dual-Reversal-High-Low-Strategy.md
442504,440094,0.65,双向追踪反转量化交易策略Bi-directional-Reversal-Quantitative-Trading-Strategy.md,双基指标跟随策略Multiple-Indicators-Follow-Strategy.md
442504,440511,0.65,双向追踪反转量化交易策略Bi-directional-Reversal-Quantitative-Trading-Strategy.md,双机制动态趋势追踪策略Dual-Mechanism-Dynamic-Trend-Tracking-Strategy.md
442523,441138,0.70,动态通道均线趋势跟踪策略Dynamic-Channel-Moving-Average-Trend-Tracking-Strategy.md,基于Price-Channel和均线的趋势跟踪策略Price-Channel-and-Moving-Average-Based-Trend-Following-Strategy.md
442625,438798,0.75,多时间框架RSI交易策略Multi-Timeframe-RSI-Trading-Strategy.md,多时间框架RSI策略Multi-Timeframe-RSI-Strategy.md
442834,427479,0.76,基于双EMA价格摆动策略The-Dual-EMA-Price-Swing-Strategy.md,绝对价格振荡器趋势跟踪策略Absolute-Price-Oscillator-Trend-Following-Strategy.md
442853,442274,0.68,价格震荡辅助判断三因子模型Three-Factors-Model-for-Price-Oscillation-Detection.md,基于双均线反转跟踪策略Dual-Moving-Average-Reversal-Tracking-Strategy.md
442853,442866,0.76,价格震荡辅助判断三因子模型Three-Factors-Model-for-Price-Oscillation-Detection.md,趋势反转型跨时间幅特异波动率交易策略Trend-Reversal-with-Intrabar-Volatility-Trading-Strategy.md
442930,438046,0.77,动态持仓盈利追踪交易策略Dynamic-Trailing-Take-Profit-Trading-Strategy.md,基于EMA200的移动止盈移动止损策略EMA-200-Based-Trailing-Take-Profit-and-Trailing-Stop-Loss-Strategy.md
443090,430365,0.69,基于年内调整的RSI震荡交易策略Bitlinc-MARSI-Trading-Strategy.md,季节范围均线RSI策略Seasonal-Range-Moving-Average-RSI-Strategy.md
443092,442953,0.80,双时间框架趋势追踪策略Dual-Timeframe-Trend-Following-Strategy.md,基于双时间框架趋势追踪策略An-Advanced-Dual-Timeframe-Trend-Tracking-Strategy-for-a-Hot-Stock.md
443107,431962,0.72,动量指标与移动平均线结合做多策略Momentum-and-Moving-Average-Combination-Long-Strategy.md,顺势突破-动量止损策略Momentum-Breakout-Strategy-with-Volatility-Stop.md
443123,427308,0.79,基于趋势追踪均线战略Trend-Following-Moving-Average-Strategy.md,顿希安通道突破策略Donchian-Channel-Breakout-Strategy.md
443123,442842,0.79,基于趋势追踪均线战略Trend-Following-Moving-Average-Strategy.md,多恩奇安通道突破策略Donchian-Channel-Breakout-Strategy.md
443238,433396,0.80,快速RSI反转交易策略Fast-RSI-Reversal-Trading-Strategy.md,针对加密货币的快速RSI跳空策略Fast-RSI-Gap-Trading-Strategy-for-Cryptocurrencies.md
443988,438794,0.72,基于双均线交叉量化策略The-EMA-Cross-Quantitative-Strategy.md,基于双移动平均线交叉的回调入场策略EintSimple-Pullback-Strategy.md
443988,442417,0.73,基于双均线交叉量化策略The-EMA-Cross-Quantitative-Strategy.md,基于均线的回撤交易策略Trend-Reversal-Strategy-Based-on-Moving-Averages.md
443988,446459,0.79,基于双均线交叉量化策略The-EMA-Cross-Quantitative-Strategy.md,移动平均回调追踪策略-Moving-Average-Pullback-Tracking-Strategy.md
444006,444001,0.72,动态自适应趋势交易策略Dynamic-Adaptive-Trend-Trading-Strategy.md,基于双均线交叉和止损策略的高效交易策略An-Efficient-Trading-Strategy-Based-on-Dual-Moving-Average-Crossover-and-Stop-Loss.md
445440,442332,0.74,基于多空自适应动态网格策略A-Long-Short-Adaptive-Dynamic-Grid-Strategy-Based.md,基于量化交易平台的自适应网格交易策略Adaptive-Grid-Trading-Strategy-Based-on-Quantitative-Trading-Platform.md
446555,446461,0.75,Gaussian-Channel趋势追踪策略-Gaussian-Channel-Trend-Following-Strategy.md,高斯通道自适应均线策略-Gaussian-Channel-Adaptive-Moving-Average-Strategy.md
448080,449497,0.77,Bollinger-Bands-Breakout-Strategy-布林线突破策略.md,布林带突破策略-Bollinger-Bands-Breakout-Strategy.md
449521,448059,0.80,KRK-aDa-Stochastic-Slow-Mean-Reversion-Strategy-with-AI-Enhancements-KRK-aDa-随机慢速均值回归策略与人工智能增强.md,基于随机慢速指标的交易策略KRK-ADA-1H-Stochastic-Slow-Strategy-with-More-Entries-and-AI.md
449526,449958,0.71,随机震荡指标与均线交叉策略结合止损与随机震荡过滤器-Stochastic-Oscillator-and-Moving-Average-Crossover-Strategy-with-Stop-Loss-and-Stochastic-Filter.md,随机震荡指标与移动平均线策略-Stochastic-Oscillator-and-Moving-Average-Strategy.md
453281,453276,0.68,动态时间框架高低点突破策略-Dynamic-Timeframe-High-Low-Breakout-Strategy.md,百分比阈值量化交易策略-Percentage-Threshold-Quantitative-Trading-Strategy.md
454729,454746,0.77,Hilo-Activator-MACD-动态止盈止损交易策略-Hilo-Activator-MACD-Dynamic-Stop-Loss-Take-Profit-Trading-Strategy.md,动态波动趋势捕捉策略-Dynamic-Oscillation-Trend-Capture-Strategy.md
454742,428613,0.74,SuperTrend策略优化动态波动率跟踪与交易信号增强系统-SuperTrend-Strategy-Optimization-Dynamic-Volatility-Tracking-and-Enhanced-Trading-Signal-System.md,双移动均线策略Dual-Moving-Average-Crossover-Strategy.md
454742,432355,0.74,SuperTrend策略优化动态波动率跟踪与交易信号增强系统-SuperTrend-Strategy-Optimization-Dynamic-Volatility-Tracking-and-Enhanced-Trading-Signal-System.md,双向MA追踪止损策略Dual-Moving-Average-Tracking-Stop-Loss-Strategy.md
454742,433944,0.75,SuperTrend策略优化动态波动率跟踪与交易信号增强系统-SuperTrend-Strategy-Optimization-Dynamic-Volatility-Tracking-and-Enhanced-Trading-Signal-System.md,超趋势均线BOLL指标策略Supertrend-Bollinger-Bands-Strategy.md
455530,457797,0.74,Supertrend与EMA结合的动态趋势跟踪策略-Dynamic-Trend-Following-Strategy-Combining-Supertrend-and-EMA.md,多重技术指标趋势跟踪策略-结合超级趋势EMA和风险管理-Multi-Indicator-Trend-Following-Strategy-Integrating-SuperTrend-EMA-and-Risk-Management.md
457811,458056,0.74,ATR-RSI增强型趋势追踪交易系统-ATR-RSI-Enhanced-Trend-Following-Trading-System.md,多指标融合的自适应趋势跟踪策略-Multi-Indicator-Adaptive-Trend-Following-Strategy.md
472933,471697,0.68,增强型多周期动态自适应趋势跟踪交易系统-Enhanced-Multi-Period-Dynamic-Adaptive-Trend-Following-Trading-System.md,多重技术指标交叉动量量化交易策略-基于EMARSI和ADX的整合分析-Multi-Technical-Indicator-Crossover-Momentum-Quantitative-Trading-Strategy-Integration-Analysis-Based-on-EMA-RSI-and-ADX.md
473154,472951,0.67,多周期趋势跟踪与ATR波动率管理策略-Multi-Timeframe-Trend-Following-Strategy-with-ATR-Volatility-Management.md,多重时间框架趋势跟踪交易系统MTF-ATR-MACD-Multi-Timeframe-Trend-Following-Trading-System-with-ATR-and-MACD-Integration.md
473235,455366,0.78,双重标准差布林带动量突破量化策略-Dual-Standard-Deviation-Bollinger-Bands-Momentum-Breakout-Strategy.md,增强型动态布林带交易策略-Enhanced-Dynamic-Bollinger-Bands-Trading-Strategy.md
473239,427668,0.73,日线高低点结合多时框EMA趋势量化交易策略-Multi-Timeframe-EMA-Trend-Strategy-with-Daily-High-Low-Breakout-System.md,每日高低打击策略Daily-HIGH-LOW-Strategy.md
473396,474051,0.71,双EMA指标智能交叉交易系统与动态止盈止损策略-Dual-EMA-Indicator-Smart-Crossing-Trading-System-with-Dynamic-Stop-Loss-and-Take-Profit-Strategy.md,双均线动态突破交易系统Dynamic-Dual-Moving-Average-Breakthrough-Trading-System-Dynamic-Dual-Moving-Average-Breakthrough-Trading-System.md
482242,482428,0.77,三段趋势突破与动量跟踪策略-Trinity-Bar-Based-Trend-Breakthrough-and-Momentum-Tracking-Strategy.md,动态跟踪止损的三分之一K线量化交易策略-Dynamic-Third-Bar-Analysis-Strategy-with-Adaptive-Trailing-Stop.md
482471,482888,0.76,基于高斯通道和随机RSI的市场趋势捕捉策略-Gaussian-Channel-and-Stochastic-RSI-Based-Market-Trend-Capture-Strategy.md,基于高斯通道和随机RSI的趋势反转量化交易策略-Trend-Reversal-Quantitative-Trading-Strategy-Based-on-Gaussian-Channel-and-Stochastic-RSI.md
482870,483066,0.75,动态-EMA-交叉摆动高低点自适应策略-Dynamic-EMA-Crossover-with-Adaptive-Swing-High-Low-Strategy.md,动态趋势突破型指数平滑移动均线交叉策略-Dynamic-Trend-Breakthrough-Exponential-Moving-Average-Crossover-Strategy.md
483102,483057,0.75,动态趋势反转与随机指标结合的自适应交易策略-Adaptive-Trading-Strategy-Combining-Dynamic-Trend-Reversal-and-Stochastic-Indicator.md,多重级别ZigZag百分比回撤与随机指标结合交易策略-Multi-Level-ZigZag-Percentage-Retracement-with-Stochastic-Trading-Strategy.md
484104,483520,0.67,交易时段VWMA动态价位上下穿透策略-Session-Based-VWMA-Dynamic-Level-Breakthrough-Strategy.md,基于会话VWMA的日内合成期权策略多空信号自适应交易系统-Session-VWMA-Based-Intraday-Synthetic-Options-Strategy-Adaptive-Trading-System-with-Long-Short-Signals.md
489653,489737,0.65,双指数均线交叉与尾随止损结合的量化交易策略-Dual-EMA-Crossover-Strategy-with-Dynamic-Trailing-Stop-Mechanism.md,高效趋势捕捉型指数移动平均线交叉与动态追踪止损策略-Advanced-Trend-Capture-EMA-Crossover-Strategy-with-Dynamic-Trailing-Stop.md
