fmz_id,file,final_outcome,criterion,reason
179,趋势跟踪震荡策略.md,REJECTED_ON_READING,1,"Entries and exits are a tick-price state machine (ticker.Last vs tick-tracked highs/lows, percent pull-backs); only the EMA regime is bar-based. Cannot be evaluated once per completed bar without changing the rule."
21104,python版现货数字货币交易类库Python-Version-Spot-Cryptocurrency-Trading-Class-Library.md,REJECTED_ON_READING,1,"Python spot trading class library (template exporting ext.* functions), not a signal strategy."
21369,均线-趋势_数字货币策略V02.md,REJECTED_ON_READING,1,"Entry needs the consecutive-cross count to shrink while still negative, which only happens through the forming bar's changing values; exit also requires price > entry + 4 currency units (hard-coded price distance)."
21370,Python-机器学习之-SVM-预测买卖.md,REJECTED_ON_READING,2,Linear SVM trained on raw Open/Close price levels with an absolute 2-unit label threshold: the model is tied to the instrument's price scale. Also predicts the forming bar from its first tick (criterion 1).
23531,R-Breaker-交易策略.md,REJECTED_ON_READING,1,R-Breaker: entries/exits trigger when the tick price crosses pivot levels inside the bar (intraday level-break fills).
23874,R-Breaker11-交易策略.md,REJECTED_ON_READING,1,R-Breaker variant: same tick-price pivot level breaks inside the bar as #23531.
62163,talib简单应用之查找三只乌鸦.md,REJECTED_ON_READING,1,"talib demo: sells once when three black crows appear on the forming bar, then throws; no exit, not a trading strategy."
170557,单商品小卖部策略V20_年化130.md,REJECTED_ON_READING,1,"Inventory-ratio ladder (grid-like): buys/sells 10-20 % of equity whenever the tick price is 3 % beyond a 30-min channel midpoint or 7 % from the last trade price, keeping cash between 10 % and 90 %. The position is a continuously rebalanced inventory driven by tick prices and the last fill, not entries/exits on bars."
170842,OKex期货测试for新手.md,REJECTED_ON_READING,1,"Not a signal strategy: an OKEx futures order-API demo (opens two buy orders once, then only logs orders and positions)."
128126,基于ATR波动率指标构建的通道策略Channel-strategy-based-on-ATR.md,DUPLICATE_ON_READING,6,"of #127691: Same rules and defaults as #127691 (SLOSS 2, N 200, M 4; parameters as arguments instead of constants, HHV/LLV inline instead of named). Exact duplicate in behaviour (rule 7)."
11604,RSI_now_sb_ok.md,PORTED,,ports/11604_rsi-now-sb-ok/
42283,KingKeltner趋势策略_低频.md,PORTED,,ports/42283_kingkeltner/
42451,Ma单均线趋势交易.md,PORTED,,ports/42451_ma/
55839,一目均衡.md,PORTED,,ports/55839_strategy/
103070,简单均线策略Moving-Average-Bot-30-lines.md,PORTED,,ports/103070_moving-average-bot-30-lines/
119038,Paul-The-Gambler-Lévy-Gold-Edition.md,PORTED,,ports/119038_paul-the-gambler-l-vy-gold-edition/
126968,麦语言海龟策略体验.md,PORTED,,ports/126968_strategy/
127101,你不知道的MACDMA指标组合策略MACDMA-Indicator-Combination-Strategy.md,PORTED,,ports/127101_macdma-macdma-indicator-combination-strategy/
127691,基于ATR波动率指标构建的通道策略Channel-strategy-based-on-ATR-volatility-indicator.md,PORTED,,ports/127691_atr-channel-strategy-based-on-atr-volatility-indicator/
128249,传统均线指标与KD指标的交易策略Trading-Strategy-of-Traditional-MA-Index-and-KD-Index.md,PORTED,,ports/128249_kd-trading-strategy-of-traditional-ma-index-and-kd-index/
128250,双均线策略与相对强弱RSI指标组合Combination-of-Double-MA-and-RSI.md,PORTED,,ports/128250_rsi-combination-of-double-ma-and-rsi/
128418,动向指数DMI与高低点策略DMI-and-High-Low-Strategy.md,PORTED,,ports/128418_dmi-dmi-and-high-low-strategy/
132298,M-Language-Turtle-Trading-strategy-implementationsV-10.md,PORTED,,ports/132298_m-language-turtle-trading-strategy-implementationsv-10/
146391,bollmaboll.md,PORTED,,ports/146391_bollmaboll/
156699,均线策略范例02.md,PORTED,,ports/156699_02/
171038,牛熊小卖部策略V10_OKex合约.md,PORTED,,ports/171038_v10-okex/
