path,how_created,first_written_utc_2026-09-29,later_changes_utc,in_transcript_of_session_01JYky9GB9AcWMXmECV7RiXE,notes
SURVEY_README.md,Write tool,14:12:35,,full text,branch README (layout and rules)
PROGRESS.md,Write tool,14:19:32,,full text,"resume file; next id 126968"
.gitignore,Write tool,14:18:47,,full text,__pycache__ and *.pyc
ports/11604_rsi-now-sb-ok/module.py,Write tool,14:14:08,,full text,fmz_11604_rsi_zone_cross_reversal; py_compile ok 14:18:28
ports/11604_rsi-now-sb-ok/PORT_NOTES.md,Write tool,14:14:17,,full text,
ports/42283_kingkeltner/module.py,Write tool,14:15:36,14:15:41 Edit,full text + edit,fmz_42283_kingkeltner_breakout; py_compile ok
ports/42283_kingkeltner/PORT_NOTES.md,Write tool,14:15:49,,full text,
ports/42451_ma/module.py,Write tool,14:15:59,,full text,fmz_42451_sma_slope_long; py_compile ok
ports/42451_ma/PORT_NOTES.md,Write tool,14:16:04,,full text,
ports/55839_strategy/module.py,Write tool,14:16:22,14:16:33 Edit,full text + edit,fmz_55839_ichimoku_double_cross; py_compile ok
ports/55839_strategy/PORT_NOTES.md,Write tool,14:16:29,,full text,
ports/103070_moving-average-bot-30-lines/module.py,Write tool,14:16:44,,full text,fmz_103070_sma_cross_confirmed_long; py_compile ok
ports/103070_moving-average-bot-30-lines/PORT_NOTES.md,Write tool,14:16:51,,full text,
ports/119038_paul-the-gambler-l-vy-gold-edition/module.py,Write tool,14:17:11,,full text,fmz_119038_rsi_slope_reverse_on_stop; py_compile ok
ports/119038_paul-the-gambler-l-vy-gold-edition/PORT_NOTES.md,Write tool,14:17:23,,full text,
survey_tools/fmzparse.py,Bash heredoc,14:03:14,,full text (inside the command),corpus parser
survey_tools/screen.py,Write tool,14:04:55,"python in-place patches 14:06:04, 14:06:51, 14:08:00, 14:17:35, 14:18:04",full text + patches,"rebuilding needs the patches replayed in order; not tested"
survey_tools/store_flagged.py,Write tool (after two heredoc attempts),14:09:21,,full text,copies criterion-3 originals to flagged/
survey_tools/port_manifest.py,Write tool,14:14:34,14:17:24 Edit,full text + edit,sizing line ranges per port
survey_tools/make_port_files.py,Write tool,14:14:42,,full text,writes original_source.md / original_sizing.txt / review_decisions.csv
survey_tools/check_ports.py,Write tool,14:18:47,,full text,static AST contract check; never ran successfully
survey_tools/summarize.py,Write tool,14:19:18,,full text,writes SURVEY_SUMMARY.md; never ran
screening.csv,generated by screen.py,14:18:28 (last good run),,no (generated),"5,806 rows; overall: PORT_CANDIDATE 3759, REJECTED 995, HELD_NEEDS_VOLUME 548, FLAGGED_CRYPTO_ONLY 253, DUPLICATE 251"
duplicates.csv,generated by screen.py,14:18:28,,no (generated),269 duplicate groups
possible_duplicates.csv,generated by screen.py,14:18:28,,no (generated),
flagged/<id>_<slug>/ (253 folders),generated by store_flagged.py,14:18:28,,no (generated),copies of originals + REASON.md
ports/*/original_source.md and original_sizing.txt,generated by make_port_files.py,14:18:28,,no (generated),verbatim copies / line ranges from the corpus
review_decisions.csv,generated by make_port_files.py,14:18:28,,no (generated),batch 1: 6 ported; 7 rejected (179 21104 21369 21370 23531 23874 62163)
SURVEY_SUMMARY.md,never generated,,,no,summarize.py never ran
