strategy_id,bar_size,language,base_period,batch5f_stop_type,recheck_class,recheck_stop_kind,stop_fills,y14c_affected,stop_default_off,review,note,evidence,file
362055,2h,PineScript,15m,SL+TP,close_based_stop,SL,next bar's open (condition read at bar close),no,,hand-checked,,"L500: strategy.close("""", when= closelong)",Big-Snapper-Alerts-R30-Chaiking-Volatility-condition-TP-RSI.md
365078,2h,PineScript,15m,trailing,stop_and_reverse,SL+trailing,"next bar's open, by an opposite entry",no,,hand-checked,,"L82: strategy.entry("""", strategy.long)",ATR-Smoothed.md
426143,2h,PineScript,15m,SL+TP,no_stop_exit,,no stop exit,no,,hand-checked,"stop/target names found, but none reaches an order call",,Adaptive-Zero-Lag-EMA-Strategy.md
426797,2h,PineScript,15m,SL,no_stop_exit,,no stop exit,no,,hand-checked,"stop/target names found, but none reaches an order call",,一目均衡表交易策略Ichimoku-Trading-Strategy.md
426809,2h,PineScript,15m,SL,stop_and_reverse,SL,"next bar's open, by an opposite entry",no,,hand-checked,,"L240: strategy.entry("""",strategy.long)",神经网络超级趋势策略Neural-Network-Super-Trend-Strategy.md
426824,2h,PineScript,15m,SL,no_stop_exit,,no stop exit,no,,hand-checked,"stop/target names found, but none reaches an order call",,30分钟震荡交易策略30-Minute-Swing-Trading-Strategy.md
427263,2h,PineScript,15m,TP,no_stop_exit,,no stop exit,no,,hand-override,'tp' is a ROC period (best-hour strategy),"L34: strategy.order("""", strategy.long, when =isLongBestHour)",交易黄金时段策略Golden-Trade-Hour-Strategy.md
427307,2h,PineScript,15m,SL,no_stop_exit,,no stop exit,no,,hand-checked,"stop/target names found, but none reaches an order call",,简单移动平均交叉止损策略Simple-Moving-Average-Crossover-with-Stop-Loss-Strategy.md
427354,2h,PineScript,15m,SL+TP,close_based_stop,SL+TP+entry-relative,next bar's open (condition read at bar close),no,,auto,,"L53: strategy.close(id="""", comment=""""+tostring(close-strategy.position_avg_price, """") , qty=strategy.position_size/3 , when = (tradeDirection=="""" ) and close>takePro",基于EMA和累积成交量的多空交易策略EMA-and-Cumulative-Volume-Crossover-Strategy-for-Long-Short.md
428975,2h,PineScript,15m,TP,stop_and_reverse,TP,"next bar's open, by an opposite entry",no,,hand-checked,,"L225: strategy.entry("""", strategy.long, comment="""")",基于弹性停损的追踪止损策略PB-SAR-Backtest-Strategy-with-Elastic-Stop-Loss.md
430171,2h,PineScript,15m,SL+trailing,close_based_stop,SL+trailing,next bar's open (condition read at bar close),no,,auto,,"L45: strategy.close("""", comment="""")",超短期动量突破交易策略SSL-Channel-Breakout-Strategy-with-Trailing-Stop-Loss.md
430583,2h,PineScript,15m,SL+TP,close_based_stop,SL+TP,next bar's open (condition read at bar close),no,,hand-checked,,L23: strategy.close_all(),三内在上涨反转策略Three-Inside-Up-Reversal-Strategy.md
437017,2h,PineScript,15m,SL+TP+trailing,close_based_stop,SL+TP+entry-relative,next bar's open (condition read at bar close),no,,hand-checked,,"L57: strategy.close("""", when=buy_close)",双EMA金叉死叉趋势策略Dual-EMA-Crossover-Trend-Strategy.md
437555,2h,PineScript,15m,SL+TP,close_based_stop,SL+TP+entry-relative,next bar's open (condition read at bar close),no,,hand-checked,,"L42: strategy.close("""")",均线叉趋势追踪策略Crossing-Moving-Average-Trend-Tracking-Strategy.md
439076,2h,PineScript,15m,SL+TP+trailing,close_based_stop,SL,next bar's open (condition read at bar close),no,,hand-checked,,"L46: strategy.close("""",when=((close < dcAverage) and  cross(close,dcAverage)) or ( close< Buy_stop))",一种趋势跟踪动态通道突破策略Dynamic-Channel-Breakout-Strategy.md
439751,2h,PineScript,15m,SL+TP,close_based_stop,SL+TP,next bar's open (condition read at bar close),no,,auto,,"L228: strategy.close("""", when=buy_close)",基于ZigZag的多种形态识别短线交易策略ZigZag-Pattern-Recognition-Short-term-Trading-Strategy.md
440441,2h,PineScript,15m,SL+TP,close_based_stop,SL+TP,next bar's open (condition read at bar close),no,,auto,,"L37: strategy.close("""", when=close > take_profit or close < stop_loss)",基于MACD和RSI的5分钟动量交易策略MACD-and-RSI-Based-5-Minute-Momentum-Trading-Strategy.md
440467,2h,PineScript,15m,SL,close_based_stop,SL+TP+entry-relative+trailing,next bar's open (condition read at bar close),no,,auto,,"L369: strategy.close("""", when=closelong)",基于多指标的趋势跟踪策略Trend-Following-Strategy-Based-on-Multiple-Indicators.md
440541,2h,PineScript,15m,trailing,stop_entry,trailing,no stop exit; the entry itself is a stop/limit order,no,,auto,stop=/limit= on strategy.entry makes the ENTRY a stop/limit order; there is no stop exit,"L35: strategy.entry("""", strategy.long, needlong ? na : 0, stop = trailing)",动态尾随止损策略Dynamic-Trailing-Stop-Loss-Strategy.md
440550,2h,PineScript,15m,SL+TP+trailing,no_stop_exit,,no stop exit,no,,hand-checked,"stop/target names found, but none reaches an order call",,基于CCI和EMA的短线震荡策略CCI-and-EMA-Based-Scalping-Strategy.md
441066,2h,PineScript,15m,SL+TP,close_based_stop,SL,next bar's open (condition read at bar close),no,,hand-checked,,"L442: strategy.close("""", when= closelong)",双重MA指标震荡价格追踪策略Dual-MA-Indicator-Oscillating-Price-Tracking-Strategy.md
441076,2h,PineScript,15m,SL,stop_and_reverse,SL,"next bar's open, by an opposite entry",no,,hand-checked,,"L51: strategy.entry("""", strategy.long, when = buySignal)",基于超趋势通道的量化交易策略Quant-Trading-Strategy-Based-on-SuperTrend-Channel.md
442622,2h,PineScript,15m,SL,close_based_stop,SL,next bar's open (condition read at bar close),no,,hand-checked,,"L68: strategy.close(str.tostring(short_order_id), comment =""""+str.tostring(short_order_id)+"""")",动态回归通道策略Dynamic-Regression-Channel-Strategy.md
443107,2h,PineScript,15m,TP,close_based_stop,SL+TP+entry-relative,next bar's open (condition read at bar close),no,,auto,,"L63: strategy.close("""", when = closeLong and window())",动量指标与移动平均线结合做多策略Momentum-and-Moving-Average-Combination-Long-Strategy.md
443643,2h,PineScript,15m,SL,close_based_stop,SL,next bar's open (condition read at bar close),no,,hand-checked,,"L35: strategy.close("""", comment = """")",连续K线反转突破策略Consecutive-Candlestick-Reversal-Breakout-Strategy.md
451725,2h,PineScript,15m,SL+TP,stop_entry,SL+TP,no stop exit; the entry itself is a stop/limit order,no,,hand-checked,stop=/limit= on strategy.entry makes the ENTRY a stop/limit order; there is no stop exit,"L48: strategy.entry("""", strategy.long, stop=stopLoss, limit=takeProfit)",布林带动态止损止盈策略-Dynamic-Stop-Loss-and-Take-Profit-Bollinger-Bands-Strategy.md
455373,2h,PineScript,15m,SL,stop_entry,SL+TP+entry-relative,no stop exit; the entry itself is a stop/limit order,no,,hand-checked,stop=/limit= on strategy.entry makes the ENTRY a stop/limit order; there is no stop exit,"L31: strategy.entry("""", strategy.short, stop=stopLoss, limit=target)",5EMA趋势跟踪动态止盈止损策略5EMA-Trend-Following-Strategy-with-Dynamic-Stop-Loss-and-Take-Profit.md
458150,2h,PineScript,15m,TP,close_based_stop,TP+entry-relative,next bar's open (condition read at bar close),no,,hand-checked,,"L85: strategy.close("""", comment="""" + str.tostring(profitTarget) + """", qty_percent=50)",AlphaTrend与KAMA结合的自适应趋势跟踪与风险管理策略Adaptive-Trend-Following-Strategy-Combining-AlphaTrend-and-KAMA-with-Risk-Management.md
458277,2h,PineScript,15m,SL+TP,no_stop_exit,,no stop exit,no,,hand-checked,"stop/target names found, but none reaches an order call",,基于多维度动态云图的Ichimoku高级多周期交易策略-Advanced-Multi-Timeframe-Ichimoku-Cloud-Trading-Strategy-with-Dynamic-Multidimensional-Analysis.md
468331,2h,PineScript,2h,trailing,stop_and_reverse,SL+trailing,"next bar's open, by an opposite entry",no,,hand-checked,,"L47: strategy.entry("""", strategy.long)",多指标组合动态止损趋势跟踪策略-Multi-Indicator-Dynamic-Stop-Loss-Trend-Following-Strategy.md
471705,2h,PineScript,2h,SL+TP,stop_entry,SL+TP+entry-relative,no stop exit; the entry itself is a stop/limit order,no,,hand-checked,stop=/limit= on strategy.entry makes the ENTRY a stop/limit order; there is no stop exit,"L31: strategy.entry("""", strategy.long, stop=stop_loss_level, limit=take_profit_level)",多重指标交叉动态策略系统基于EMARVI和交易信号的量化交易模型-Multi-Indicator-Crossover-Dynamic-Strategy-System-A-Quantitative-Trading-Model-Based-on-EMA-RVI-and-Trading-Signals.md
476257,2h,PineScript,2h,SL,stop_entry,SL,no stop exit; the entry itself is a stop/limit order,no,,hand-checked,stop=/limit= on strategy.entry makes the ENTRY a stop/limit order; there is no stop exit,"L23: strategy.entry("""", strategy.long, stop=stopLossLevel)",基于ATR止损和交易区间控制的RSI趋势反转交易策略-RSI-Trend-Reversal-Trading-Strategy-with-ATR-Stop-Loss-and-Trading-Zone-Control.md
478707,2h,PineScript,2h,SL+TP,no_stop_exit,,no stop exit,no,,hand-checked,"stop/target names found, but none reaches an order call",,多重均线趋势跟踪与动态波动率过滤策略-Multi-EMA-Trend-Following-Strategy-with-Dynamic-Volatility-Filter.md
482421,2h,PineScript,2h,SL,close_based_stop,SL+entry-relative,next bar's open (condition read at bar close),no,,auto,,"L48: strategy.close("""", comment="""")",基于双均线和交易量的趋势突破交易策略-Trend-Breakout-Trading-Strategy-Based-on-Dual-Moving-Averages-and-Volume.md
486572,2h,PineScript,2h,SL+TP,close_based_stop,TP,next bar's open (condition read at bar close),no,,auto,,"L54: strategy.close("""", comment="""")",高级EMA交叉动量趋势捕捉策略-Advanced-EMA-Crossover-Momentum-Trend-Capture-Strategy.md
488263,2h,PineScript,2h,TP,close_based_stop,TP+entry-relative,next bar's open (condition read at bar close),no,,auto,,"L94: strategy.close("""", comment="""")",SuperTrend动态止盈与时间过滤器策略波动适应型量化交易系统-SuperTrend-Dynamic-Take-Profit-with-Time-Filter-Strategy-Volatility-Adaptive-Quantitative-Trading-System.md
488265,2h,PineScript,2h,SL+TP,close_based_stop,SL+TP+entry-relative,next bar's open (condition read at bar close),no,,hand-checked,,"L93: strategy.close("""", comment="""")",趋势回调可调整风险动态进场策略-Trend-Retracement-Dynamic-Entry-Strategy-with-Adjustable-Risk-Management.md
488287,2h,PineScript,2h,SL+TP,close_based_stop,SL+TP+entry-relative,next bar's open (condition read at bar close),no,,auto,,"L42: strategy.close("""", comment="""")",动态ATR波段突破交易策略与多层次风险管理-Dynamic-ATR-Swing-Breakout-Strategy-with-Multi-Tiered-Risk-Management.md
488519,2h,PineScript,2h,TP,no_stop_exit,,no stop exit,no,,hand-checked,"stop/target names found, but none reaches an order call",,双重均线交叉与RSI超买超卖结合的金字塔式动态趋势交易策略-Dual-Moving-Average-Crossover-with-RSI-Overbought-Oversold-Pyramid-Dynamic-Trend-Trading-Strategy.md
427064,3h,PineScript,15m,SL+TP,close_based_stop,SL+entry-relative,next bar's open (condition read at bar close),no,,hand-checked,,"L99: strategy.close("""", comment="""", qty=strategy.position_size,when=crossover(myRsi,75) and close>strategy.position_avg_price )",RSI-W形态突破策略RSI-W-Pattern-Breakout-Strategy.md
427138,3h,PineScript,15m,SL,no_stop_exit,,no stop exit,no,,hand-checked,"stop/target names found, but none reaches an order call",,多头锤形线交易策略Starbucks-Bullish-Hammer-Trading-Strategy.md
427996,3h,PineScript,15m,SL+TP,close_based_stop,SL+TP,next bar's open (condition read at bar close),no,,auto,,"L48: strategy.close("""", when = longStopPrice or longTakeProfit and window())",基于趋势追踪的短线交易策略Short-term-Trading-Strategy-Based-on-Trend-Following.md
428576,3h,PineScript,15m,SL,intrabar_order,SL+TP,inside the bar (stop/limit order),yes,,hand-checked,,"L110: strategy.order("""", strategy.short, abs(strategy.position_size), limit=exit_price, comment=""""+ tostring(exit_price))",突破波动带交易策略Breakout-Bollinger-Band-Trading-Strategy.md
428682,3h,PineScript,15m,SL+TP+trailing,close_based_stop,SL+TP+trailing,next bar's open (condition read at bar close),no,,auto,,"L36: strategy.close("""")",基于SMA和RSI的短线双重过滤策略SMA-RSI-Double-Filter-Short-term-Trading-Strategy.md
430850,3h,PineScript,15m,TP,no_stop_exit,,no stop exit,no,,hand-override,"'takeProfitLevel' is an RSI-oscillator level; the exit is a signal, not a price target","L81: strategy.close("""", when=closelongCondition)",RSI敢死队融合策略RSI-Daredevil-Squadron-Fusion-Strategy.md
439036,3h,PineScript,15m,SL+TP,close_based_stop,SL+TP,next bar's open (condition read at bar close),no,,hand-checked,,L30: strategy.close_all(),偏反指标回测策略Key-Reversal-Backtest-Strategy.md
440832,3h,PineScript,15m,TP,close_based_stop,TP+entry-relative,next bar's open (condition read at bar close),no,,auto,,"L35: strategy.close("""", when = RSI < 55 or close > longTakeProfit and window())",基于RSI的追踪趋势策略Trend-Following-RSI-Scalping-Strategy.md
440962,3h,PineScript,15m,SL,close_based_stop,SL+entry-relative,next bar's open (condition read at bar close),no,,auto,,"L93: strategy.close("""", comment="""")",趋势顺势RSI波动捕捉策略Trend-Riding-RSI-Swing-Capture-Strategy.md
441073,3h,PineScript,15m,trailing,close_based_stop,SL,next bar's open (condition read at bar close),no,,hand-checked,,"L53: strategy.close("""")",双移动均线追踪止损策略Dual-Moving-Average-Tracking-Stop-Loss-Strategy.md
442833,3h,PineScript,15m,SL+TP+trailing,close_based_stop,SL+entry-relative+trailing,next bar's open (condition read at bar close),no,,auto,,"L266: strategy.close(id="""", comment=""""+tostring(-close + strategy.position_avg_price, """"), when=abs(strategy.position_size) <= -1 and shortStopLossType == """" and shor",RSI指标多空分离交易策略RSI-Indicator-Long-Short-Separation-Trading-Strategy.md
451395,3h,PineScript,15m,SL+TP,close_based_stop,SL+TP+entry-relative,next bar's open (condition read at bar close),no,,auto,,"L28: strategy.close("""", comment="""")",相对强弱指数均值回归策略Relative-Strength-Index-Mean-Reversion-Strategy.md
458063,3h,PineScript,15m,SL,close_based_stop,entry-relative,next bar's open (condition read at bar close),no,,auto,,"L96: strategy.close("""", comment="""" )",多重EMA交叉结合斐波那契扩展的趋势跟踪策略-Multi-EMA-Crossover-with-Fibonacci-Extension-Trend-Following-Strategy.md
481371,3h,PineScript,3h,TP,close_based_stop,TP+entry-relative,next bar's open (condition read at bar close),no,,auto,,L87: strategy.close_all(),多时间周期动态网格RSI趋势震荡交易策略-Multi-Timeframe-Dynamic-Grid-RSI-Trend-Oscillation-Trading-Strategy.md
489301,3h,PineScript,3h,trailing,close_based_stop,SL+trailing,next bar's open (condition read at bar close),no,,auto,,"L65: strategy.close("""")",量化多空趋势追踪动态止损策略-Quantitative-Long-Short-Trend-Tracking-Dynamic-Stop-Loss-Strategy.md
362443,4h,PineScript,15m,SL,no_stop_exit,,no stop exit,no,,hand-checked,"stop/target names found, but none reaches an order call",,Swing-High-Low-Indicator-w-MACD-and-EMA-Confirmations.md
366404,4h,PineScript,15m,SL,no_stop_exit,,no stop exit,no,,hand-override,'sl' is a peak-detection threshold that triggers entries,"L38: strategy.entry("""", strategy.long)",Peak-detector.md
380530,4h,PineScript,15m,TP,no_stop_exit,,no stop exit,no,,hand-override,'tp' is a ROC period (best-hour strategy),"L33: strategy.order("""", strategy.long, when =isLongBestHour)",Trade-Hour-V3.md
426323,4h,PineScript,15m,SL+TP,close_based_stop,SL+TP,next bar's open (condition read at bar close),no,,hand-checked,,"L164: strategy.close("""", comment="""")",Quantitative-Trend-Trading-Strategy-Using-Polynomial-Regression.md
426607,4h,PineScript,15m,TP,close_based_stop,TP,next bar's open (condition read at bar close),no,,auto,,"L88: strategy.close(id = """", when = strategy.position_size != 0 and (close < high2  or close > high1 * (1 + (entry_factor + profit_target)/100)))",5日高低突破价格通道策略5-day-High-Low-Breakout-Price-Channel-Strategy.md
426842,4h,PineScript,15m,SL+TP,close_based_stop,SL+TP+entry-relative,next bar's open (condition read at bar close),no,,auto,,"L42: strategy.close("""")",多指标组合的短线量化交易策略Multi-Indicator-Short-Term-Algorithmic-Trading-Strategy.md
427508,4h,PineScript,15m,SL+TP,no_stop_exit,,no stop exit,no,,hand-checked,"stop/target names found, but none reaches an order call",,移动均线短线-scalping-策略Moving-Average-Scalping-Strategy.md
428705,4h,PineScript,15m,SL,stop_and_reverse,SL,"next bar's open, by an opposite entry",no,,hand-checked,,"L132: strategy.entry("""", strategy.long)",双OTT趋势跟踪策略Twin-Optimized-Trend-Tracker-Strategy.md
428810,4h,PineScript,15m,SL+TP+trailing,close_based_stop,SL+TP,next bar's open (condition read at bar close),no,,hand-checked,,"L311: strategy.close("""", when=longClose)",移动平均线交叉多周期策略Moving-Average-Crossover-Multi-Timeframe-Strategy.md
429161,4h,PineScript,15m,SL,close_based_stop,SL,next bar's open (condition read at bar close),no,,auto,,"L66: strategy.close("""")",超级趋势策略SuperTrend-Strategy.md
429383,4h,PineScript,15m,SL+TP,close_based_stop,SL+TP+entry-relative,next bar's open (condition read at bar close),no,check: UseTPSL,hand-checked,,"L47: strategy.close("""", when = high > strategy.position_avg_price + TakeProfit, comment = """")",双均线反转交易策略Dual-Moving-Average-Reversal-Trading-Strategy.md
430383,4h,PineScript,15m,SL+TP,close_based_stop,SL+TP+entry-relative,next bar's open (condition read at bar close),no,,auto,,"L48: strategy.close("""", when = close < longStopPrice or close > longTakeProfit and window())",多时间框架买入价格下跌策略Multi-Timeframe-Buy-the-Dip-Strategy.md
430882,4h,PineScript,15m,SL,stop_entry,SL,no stop exit; the entry itself is a stop/limit order,no,,auto,stop=/limit= on strategy.entry makes the ENTRY a stop/limit order; there is no stop exit,"L58: strategy.entry("""", strategy.short, qty = 1,comment="""", stop=high[1] - stop_loss, when = bear_entry)",动量指标多空策略Momentum-Indicator-Long-Short-Strategy.md
433030,4h,PineScript,15m,TP,intrabar_order,TP+entry-relative,inside the bar (stop/limit order),yes,,hand-checked,,"L204: strategy.order(id="""", long=false, limit=longExitPrice, qty=strategy.position_size)",多时序RSI网格交易策略Multi-Period-RSI-Grid-Trading-Strategy.md
437808,4h,PineScript,15m,trailing,stop_and_reverse,SL+trailing,"next bar's open, by an opposite entry",no,,hand-checked,,"L37: strategy.entry("""", strategy.long, comment = """")",基于ATR和标准差通道的趋势跟踪交易策略ATR-Trend-Following-Strategy-Based-on-Standard-Deviation-Channel.md
438820,4h,PineScript,15m,TP,close_based_stop,SL+TP,next bar's open (condition read at bar close),no,,hand-checked,,"L118: strategy.close_all(comment="""" + str.tostring(close[0]))",基于多空双轨的追踪止盈策略Myo_LS_D-Quantitative-Strategy.md
440526,4h,PineScript,15m,SL+TP,no_stop_exit,,no stop exit,no,,hand-checked,"stop/target names found, but none reaches an order call",,基于多因子量化交易策略Multi-factor-Quantitative-Trading-Strategy.md
441010,4h,PineScript,15m,SL+TP+trailing,close_based_stop,TP+trailing,next bar's open (condition read at bar close),no,,auto,,"L40: strategy.close("""")",动态RSI指标交易策略Dynamic-RSI-Trading-Strategy.md
442264,4h,PineScript,15m,SL,close_based_stop,SL,next bar's open (condition read at bar close),no,,auto,,"L50: strategy.close("""")",基于动量和标准差的黄金交易策略All-About-Momentum-Trading-Strategy-with-Stop-Loss-for-Gold.md
451492,4h,PineScript,15m,trailing,stop_and_reverse,SL+trailing,"next bar's open, by an opposite entry",no,,hand-checked,,"L57: strategy.entry("""", strategy.long, comment="""")",布林带ATR趋势跟踪策略-Bollinger-Band-ATR-Trend-Following-Strategy.md
454332,4h,PineScript,15m,SL+TP,stop_entry,SL+TP+trailing,no stop exit; the entry itself is a stop/limit order,no,,auto,stop=/limit= on strategy.entry makes the ENTRY a stop/limit order; there is no stop exit,"L64: strategy.entry("""", strategy.long, stop=close - (stopLossPips * pipValue), limit=close + (takeProfitPips * pipValue))",Simple-Combined-Strategy-Pivot-Point-SuperTrend-and-DEMA-简单组合策略枢轴点超级趋势和双重指数移动平均线.md
476255,4h,PineScript,4h,SL,close_based_stop,SL,next bar's open (condition read at bar close),no,,auto,,"L107: strategy.close(id="""")",多重均线与随机指标结合的趋势跟踪交易策略-Multi-SMA-and-Stochastic-Combined-Trend-Following-Trading-Strategy.md
491890,4h,PineScript,4h,SL+TP+trailing,close_based_stop,SL+TP+entry-relative+trailing,next bar's open (condition read at bar close),no,,auto,,"L64: strategy.close("""", comment="""")",RSI-MA-交叉摆动交易策略与追踪止损系统-RSI-MA-Crossover-Swing-Trading-Strategy-with-Trailing-Stop-System.md
426570,5h,PineScript,15m,SL,close_based_stop,SL+entry-relative,next bar's open (condition read at bar close),no,,auto,,"L165: strategy.close("""", when=exitShort)",海龟空头突破加仓策略Turtle-Short-Breakout-Pyramiding-Strategy.md
485288,5h,PineScript,5h,TP,close_based_stop,TP+entry-relative,next bar's open (condition read at bar close),no,,auto,,"L32: strategy.close("""")",均线突破固定利润目标自适应时间周期量化交易策略-Adaptive-Timeframe-SMA-Crossover-Strategy-with-Fixed-Profit-Targets.md
426846,6h,PineScript,15m,SL+TP,close_based_stop,SL+TP+entry-relative,next bar's open (condition read at bar close),no,,auto,,"L35: strategy.close("""")",基于归一化MACD的量化交易策略Quantitative-Trading-Strategy-Based-on-Normalized-MACD.md
12348,1d,javascript,,SL,live_price_stop,SL,inside the bar (live price checked each poll),yes,,hand-checked,"ticker.Buy/Sell vs entryPrice*(1±StopLossRatio), checked every poll",,经典均线策略.md
275287,1d,javascript,1d,TP,live_price_stop,TP,inside the bar (live price checked each poll),yes,,hand-checked,"position profit > step closes (TP); loss adds to the position (martingale), no stop-loss",,CTA策略之商品期货简易马丁格尔.md
299799,1d,javascript,1d,TP,no_stop_exit,,no stop exit,no,,hand-checked,"DCA; sells when the ahr999 index falls below a line, not a price stop",,ahr999定投策略.md
311968,1d,javascript,1h,SL+TP,live_price_stop,SL+TP,inside the bar (live price checked each poll),yes,"yes (EnableStopLoss, EnableStopWin default false)",hand-checked,account floating-PnL stop and take-profit; both OFF by default (EnableStopLoss/EnableStopWin false),,网格变形策略之单边网格-注释.md
339344,1d,javascript,15m,SL,close_based_stop,SL+entry-relative,next bar's open (condition read at bar close),no,,hand-checked,uses the last CLOSED bar: r[len-2].Close vs holdPrice*(1±stopLoss),,数字货币期货多品种ATR策略教学.md
353659,1d,javascript,1h,TP,intrabar_order,TP,inside the bar (stop/limit order),yes,,hand-checked,resting limit sell at position price + profitTarget,,网格挂单加马丁倍数递增.md
356471,1d,javascript,1h,SL,live_price_stop,SL+TP,inside the bar (live price checked each poll),yes,,hand-checked,position profit vs target; stop when loss exceeds the margin,,简单马丁格尔多空加仓倍率修改.md
360536,1d,PineScript,1h,SL,close_based_stop,entry-relative,next bar's open (condition read at bar close),no,,hand-checked,,L86: strategy.close_all(),海龟交易法Turtles-strategy.md
364002,1d,PineScript,1h,SL+trailing,stop_and_reverse,SL+TP+entry-relative+trailing,"next bar's open, by an opposite entry",no,check: useTightStop,hand-checked,,"L163: strategy.entry("""", strategy.short)",Donchian-Breakout-no-repaint.md
365088,1d,PineScript,1h,SL+trailing,close_based_stop,SL+entry-relative,next bar's open (condition read at bar close),no,,hand-checked,,L201: strategyClose()  [via strategyClose()],SUPERTREND-ATR-WITH-TRAILING-STOP-LOSS.md
394112,1d,javascript,1h,SL,live_price_stop,SL+TP,inside the bar (live price checked each poll),yes,,hand-checked,order-book best bid/ask vs stopLossPrice/stopProfitPrice,,随机数猜大猜小.md
405725,1d,javascript,1h,SL+TP,live_price_stop,SL+TP,inside the bar (live price checked each poll),yes,,hand-checked,"checks the forming bar's Close (live price) against hl2 ± ATR grid, every checkTime seconds",,价格振幅均线-3年33万倍收益.md
405725,1d,javascript,1h,SL+TP,live_price_stop,SL+TP,inside the bar (live price checked each poll),yes,,hand-checked,"checks the forming bar's Close (live price) against hl2 ± ATR grid, every checkTime seconds",,收藏价格振幅均线-3年33万倍收益.md
426376,1d,PineScript,1h,SL+TP,close_based_stop,SL+TP,next bar's open (condition read at bar close),no,,auto,,L26: strategy.close_all(),Bullish-Harami-Reversal-Strategy.md
426471,1d,PineScript,1h,SL+TP,close_based_stop,SL+TP,next bar's open (condition read at bar close),no,,auto,,"L29: strategy.close("""")",Random-Entry-Point-Strategy.md
426479,1d,PineScript,1h,SL,close_based_stop,SL,next bar's open (condition read at bar close),no,,auto,,"L52: strategy.close("""")",RSI均线回归交易策略RSI-Mean-Reversion-Trading-Strategy.md
426626,1d,PineScript,1h,SL+trailing,close_based_stop,SL,next bar's open (condition read at bar close),no,,auto,,"L98: strategy.close("""", when=exitLongCondition)",基于移动均线K线与超趋止损的趋势追踪策略Trend-Following-Strategy-Based-on-MA-Candles-and-Supertrend.md
427305,1d,PineScript,1h,trailing,close_based_stop,SL,next bar's open (condition read at bar close),no,,hand-checked,,"L70: strategy.close("""")",移动平均跟踪止损策略Moving-Average-Trailing-Stop-Strategy.md
427385,1d,PineScript,1h,SL+TP,no_stop_exit,,no stop exit,no,,hand-checked,"stop/target names found, but none reaches an order call",,基于一目均衡表的趋势反转交易策略Ichimoku-and-MACD-Trend-Reversal-Trading-Strategy.md
427443,1d,PineScript,1h,TP,close_based_stop,TP+entry-relative+trailing,next bar's open (condition read at bar close),no,,auto,,"L120: strategy.close_all(comment="""" + str.tostring(truncate(current_high_percent * 100, 3)) + """")",范围量加仓DCA策略Ranged-Volume-DCA-Strategy.md
427455,1d,PineScript,1h,SL+TP+trailing,close_based_stop,SL+entry-relative,next bar's open (condition read at bar close),no,,auto,,"L61: strategy.close(ENUM_LONG, comment=exit_msg)",均值恢复ATR趋势策略Mean-Reversion-ATR-Trend-Strategy.md
427461,1d,PineScript,1h,SL,close_based_stop,SL+entry-relative,next bar's open (condition read at bar close),no,,auto,,"L53: strategy.close_all(when = crossunder(close,sl) and strategy.openprofit>30000*0.2, comment="""")",五日移动平均线金叉追涨策略5-day-Moving-Average-Golden-Cross-Momentum-Strategy.md
427470,1d,PineScript,1h,trailing,stop_and_reverse,SL+trailing,"next bar's open, by an opposite entry",no,,hand-checked,,"L20: strategy.entry("""", strategy.long, when = barbuy)",ATR趋势跟踪策略ATR-Trend-Following-Strategy.md
427728,1d,PineScript,1h,SL+TP,close_based_stop,SL+TP+entry-relative,next bar's open (condition read at bar close),no,,auto,,"L36: strategy.close("""")",一目均衡策略Ichimoku-Kinko-Hyo-Mean-Reversion-Strategy.md
428619,1d,PineScript,1h,SL+TP+trailing,close_based_stop,SL+TP+trailing,next bar's open (condition read at bar close),no,,auto,,"L40: strategy.close("""")",RSI指标突破交易策略Alpha-RSI-Breakout-Trading-Strategy.md
428804,1d,PineScript,1h,TP,no_stop_exit,,no stop exit,no,,hand-checked,"stop/target names found, but none reaches an order call",,移动平均线多空策略Moving-Average-Trend-Trading-Strategy.md
428854,1d,PineScript,1h,SL+TP+trailing,close_based_stop,SL+TP,next bar's open (condition read at bar close),no,,auto,,"L266: strategy.close("""", when=longClose)",趋势跟踪移动止损均线策略Trend-Following-Moving-Stop-Loss-MA-Strategy.md
428857,1d,PineScript,1h,SL+TP,close_based_stop,SL+TP+entry-relative,next bar's open (condition read at bar close),no,,hand-checked,,"L66: strategy.order("""", strategy.short, qty = 1)",基于ATR的动态止损策略ATR-based-Dynamic-Stop-Loss-Strategy.md
429476,1d,PineScript,1h,TP,no_stop_exit,,no stop exit,no,,hand-override,"'TP' is typical price (Finite Volume Elements), not a target","L55: strategy.entry("""", strategy.long)",基于自适应波动性的有限体积要素策略Adaptive-Volatility-Finite-Volume-Elements-Strategy.md
429495,1d,PineScript,1h,SL+TP+trailing,close_based_stop,SL,next bar's open (condition read at bar close),no,,auto,,"L89: strategy.close(ENUM_LONG, when=bExit, comment=exit_msg)",基于相对成交量和趋势的交易策略Relative-Volume-Trend-Following-Trading-Strategy.md
429512,1d,PineScript,1h,SL,close_based_stop,SL,next bar's open (condition read at bar close),no,,hand-checked,,"L44: strategy.close("""")",基于海龟交易法的突破策略Breakout-Strategy-Based-on-Turtle-Trading.md
429566,1d,PineScript,1h,SL+trailing,no_stop_exit,,no stop exit,no,,hand-checked,"stop/target names found, but none reaches an order call",,开敞包围式开高价交叉交易策略Open-High-Cross-Over-Trading-Strategy.md
429568,1d,PineScript,1h,SL+TP,close_based_stop,SL+TP,next bar's open (condition read at bar close),no,,hand-checked,,"L386: strategy.close("""", when=short_tp)",动量突破纤维套利策略Incremental-Order-Size-Fibonacci-Retracement-Trend-Following-Strategy.md
429579,1d,PineScript,1h,TP,no_stop_exit,,no stop exit,no,,hand-checked,"stop/target names found, but none reaches an order call",,超趋势V策略Super-Trend-V-Strategy.md
429651,1d,PineScript,1h,trailing,close_based_stop,SL+trailing,next bar's open (condition read at bar close),no,,auto,,"L43: strategy.close("""")",基于ATR指标的自适应跟踪止损策略ATR-Trailing-Stop-Bands-Strategy.md
430176,1d,PineScript,1h,TP,no_stop_exit,,no stop exit,no,,hand-checked,"stop/target names found, but none reaches an order call",,中央跳空与趋势追踪交易策略Price-Gap-and-Trend-Following-Trading-Strategy.md
430180,1d,PineScript,1h,SL+TP,close_based_stop,SL+TP+entry-relative,next bar's open (condition read at bar close),no,,auto,,L31: strategy.close_all(),定投策略带止盈.md
430276,1d,PineScript,1h,TP,no_stop_exit,,no stop exit,no,,hand-checked,"stop/target names found, but none reaches an order call",,双EMA黄绿交易系统Trend-Trading-with-Double-EMA-Crossover-System.md
430280,1d,PineScript,1h,SL,close_based_stop,SL,next bar's open (condition read at bar close),no,,auto,,L34: strategy.close_all(),Cryptocurrency动量突破策略Cryptocurrency-Momentum-Breakout-Strategy.md
430375,1d,PineScript,1h,SL,no_stop_exit,,no stop exit,no,,auto,"stop/target names found, but none reaches an order call",,ICH云带扭转策略ICHIMOKU-KUMO-TWIST-STRATEGY.md
430554,1d,PineScript,1h,SL+TP,stop_entry,SL+TP+entry-relative,no stop exit; the entry itself is a stop/limit order,no,,hand-checked,stop=/limit= on strategy.entry makes the ENTRY a stop/limit order; there is no stop exit,"L105: strategy.entry("""", strategy.long, when=long, stop=l_stop_level, limit=l_take_level)",基于成交量变化率的多空交替周期震荡器策略Volume-Difference-Delta-Cycle-Oscillator-Trading-Strategy.md
430742,1d,PineScript,1h,SL+TP,close_based_stop,SL+TP,next bar's open (condition read at bar close),no,,hand-checked,,"L51: strategy.close("""")",基于华尔街捕鼠光环指标的加密货币看涨看跌策略Correlation-based-Bullish-Bearish-Crypto-Trading-Strategy-Based-on-Wall-Street-CCI-Index.md
430748,1d,PineScript,1h,trailing,stop_and_reverse,SL+trailing,"next bar's open, by an opposite entry",no,,hand-checked,,"L44: strategy.entry("""",   true, when = buy)",金叉死叉动态止损策略Trend-Following-Strategy-with-Dynamic-Stops.md
430843,1d,PineScript,1h,TP,close_based_stop,TP,next bar's open (condition read at bar close),no,,auto,,"L84: strategy.close("""")",黄金交叉凯尔特通道趋势跟踪策略Golden-Cross-Keltner-Channel-Trend-Following-Strategy.md
430891,1d,PineScript,1h,SL,no_stop_exit,,no stop exit,no,,hand-checked,"stop/target names found, but none reaches an order call",,双向反转策略Bi-directional-Reversal-Strategy.md
431003,1d,PineScript,1h,trailing,close_based_stop,SL+trailing,next bar's open (condition read at bar close),no,,auto,,L70: strategy.close_all(),双移动均线反转策略Dual-Moving-Average-Reversal-Strategy.md
431221,1d,PineScript,1h,SL,close_based_stop,SL+entry-relative,next bar's open (condition read at bar close),no,,auto,,L70: strategy.close_all(),康乃狄克海龟系统Connecticut-Turtle-System.md
431224,1d,PineScript,1h,SL,close_based_stop,SL+entry-relative,next bar's open (condition read at bar close),no,,hand-checked,,"L37: strategy.close("""", comment="""")",均线趋势追踪策略Trend-Following-Strategy.md
431249,1d,PineScript,1h,SL+TP+trailing,no_stop_exit,,no stop exit,no,,hand-checked,"stop/target names found, but none reaches an order call",,指标积分策略Momentum-Integral-Indicator-Strategy.md
431251,1d,PineScript,1h,SL,stop_and_reverse,SL,"next bar's open, by an opposite entry",no,,hand-checked,,"L35: strategy.entry("""", strategy.long)",基于Chande-Kroll止损与ADX过滤的趋势跟踪策略ADX-Filtered-Chande-Kroll-Stop-Loss-Trend-Following-Strategy.md
431395,1d,PineScript,1h,SL,intrabar_order,SL+TP,inside the bar (stop/limit order),yes,"check: enableAtrStop,enableStops,enableTargets",hand-checked,,"L126: strategy.order("""", false, qty = strategy.position_size, stop=stoploss, oca_name="""",  when = timeFilter and yesStops, comment = """")",EMAC指数移动平均线交叉优化策略EMAC-Exponential-Moving-Average-Cross-Optimized-Strategy.md
431415,1d,PineScript,1h,SL+TP+trailing,close_based_stop,SL+TP,next bar's open (condition read at bar close),no,,hand-checked,,"L84: strategy.close("""", when=long_tp)",混沌交易规则止损策略Chaotic-Trading-Rules-Stop-Loss-Strategy.md
431428,1d,PineScript,1h,SL+TP,close_based_stop,SL+TP+entry-relative,next bar's open (condition read at bar close),no,,auto,,"L40: strategy.close("""", when = close > shortStopPrice or close < shortTakeProfit and window())",下跌趋势短线交易策略Short-Trading-Strategy-in-Downtrend.md
431665,1d,PineScript,1h,SL+TP,stop_entry,SL+TP+entry-relative,no stop exit; the entry itself is a stop/limit order,no,,auto,stop=/limit= on strategy.entry makes the ENTRY a stop/limit order; there is no stop exit,"L19: strategy.entry("""", strategy.short, 0, limit = avg + ((avg / 100) * tp))",指标驱动型止损止盈策略An-Indicator-Driven-Stop-Loss-and-Take-Profit-Strategy.md
431669,1d,PineScript,1h,SL,close_based_stop,SL+entry-relative,next bar's open (condition read at bar close),no,,auto,,"L67: strategy.close(id="""",comment="""",    when=close<stopLossVal)",基于Z距离的VWAP策略ZVWAP-Strategy-Based-on-Z-Distance-from-VWAP.md
432076,1d,PineScript,1h,trailing,stop_and_reverse,SL+trailing,"next bar's open, by an opposite entry",no,,hand-checked,,"L90: strategy.entry("""",   true, when = buy)",动量突破交易策略Momentum-Breakout-Strategy.md
432225,1d,PineScript,1h,SL,close_based_stop,SL+entry-relative,next bar's open (condition read at bar close),no,,hand-checked,,"L45: strategy.close("""", when=fixed_stop_long, comment="""")",CCI强势突破策略CCI-Strong-Breakthrough-Strategy.md
432308,1d,PineScript,1h,SL,close_based_stop,SL+TP+entry-relative,next bar's open (condition read at bar close),no,,auto,,"L55: strategy.close(id="""", comment=""""+tostring(close - strategy.position_avg_price, """"),  qty_percent=30 , when=abs(strategy.position_size)>=1 and close>tpVal and cr",穿越BB通道突破SMA200均线的趋势跟踪策略BB21_SMA200-Trend-Following-Strategy.md
432765,1d,PineScript,1h,SL+TP,no_stop_exit,,no stop exit,no,,hand-override,long-only; entry-price test only adds to the position,"L142: strategy.entry(id="""", comment="""" , long=true,  when=strategy.position_size>=1 and close<strategy.position_avg_price and close>vwapVal)",金叉均线突破布林带策略Golden-Cross-with-Bollinger-Bands-Momentum-Strategy.md
432794,1d,PineScript,1h,SL,stop_and_reverse,SL+entry-relative,"next bar's open, by an opposite entry",no,,hand-checked,,"L26: strategy.entry("""", strategy.short, comment="""")",动态止损追涨策略Dynamic-Stop-Loss-Trail-Strategy.md
432972,1d,PineScript,1h,TP,close_based_stop,TP+entry-relative,next bar's open (condition read at bar close),no,,auto,,"L38: strategy.close("""", when = TakeProfit)",低价买入-高价止盈策略Low-High-Trend-Strategy.md
433011,1d,PineScript,1h,SL,stop_and_reverse,SL,"next bar's open, by an opposite entry",no,,hand-checked,,"L153: strategy.entry("""", strategy.long,when=Timerange())",多重移动平均线动态趋势策略Multiple-Moving-Average-Dynamic-Trend-Strategy.md
433021,1d,PineScript,1h,TP,no_stop_exit,,no stop exit,no,,hand-checked,"stop/target names found, but none reaches an order call",,RSI轴向均线交叉策略RSI-Axial-Moving-Average-Crossover-Strategy.md
433071,1d,PineScript,1h,SL+TP,close_based_stop,SL+TP,next bar's open (condition read at bar close),no,,auto,,"L56: strategy.close("""")",动态均线回撤马丁策略Dynamic-Moving-Average-Retracement-Martin-Strategy.md
433101,1d,PineScript,1h,SL,close_based_stop,SL,next bar's open (condition read at bar close),no,,auto,,L51: strategy.close_all(when=long_stop),三重SMA自适应K线交叉长线策略Twisted-SMA-Adaptive-Crossover-Long-Line-Strategy.md
433137,1d,PineScript,1h,SL+TP+trailing,close_based_stop,SL+TP+entry-relative+trailing,next bar's open (condition read at bar close),no,,auto,,"L49: strategy.close_all(when=strategy.openprofit>TakeProfit,alert_message="""", comment = """")",动态移动平均线跟踪策略Dynamic-Moving-Average-Tracking-Strategy.md
433405,1d,PineScript,1h,SL+trailing,close_based_stop,trailing,next bar's open (condition read at bar close),no,,auto,,L62: strategy.close_all(),价格动量追踪止损策略Price-Momentum-Tracking-Stop-Loss-Strategy.md
433437,1d,PineScript,1h,SL+TP,stop_entry,SL+TP,no stop exit; the entry itself is a stop/limit order,no,,auto,stop=/limit= on strategy.entry makes the ENTRY a stop/limit order; there is no stop exit,"L72: strategy.entry("""", strategy.long, stop=potential_SL, limit=potential_TP)",动量突破均线策略Momentum-Breakout-Moving-Average-Strategy.md
433556,1d,PineScript,1h,SL+trailing,close_based_stop,SL+entry-relative,next bar's open (condition read at bar close),no,,auto,,L201: strategyClose()  [via strategyClose()],基于ATR和追踪止损的超级趋势策略SuperTrend-Strategy-with-Trailing-Stop-Loss.md
433902,1d,PineScript,1h,SL,stop_entry,SL+trailing,no stop exit; the entry itself is a stop/limit order,no,,auto,stop=/limit= on strategy.entry makes the ENTRY a stop/limit order; there is no stop exit,"L68: strategy.entry("""",  true, stop = trailing_sl)",跟踪止损反转策略Trailing-Stop-Loss-Reversal-Strategy.md
434447,1d,PineScript,1h,trailing,no_stop_exit,,no stop exit,no,,hand-checked,"stop/target names found, but none reaches an order call",,MACD多层次布林通道海龟策略MACD-Bollinger-Turtle-Trading-Strategy.md
434469,1d,PineScript,1h,SL,stop_entry,SL,no stop exit; the entry itself is a stop/limit order,no,,auto,stop=/limit= on strategy.entry makes the ENTRY a stop/limit order; there is no stop exit,"L46: strategy.entry("""", strategy.short, lot, limit = sl, when = (time > timestamp(fromyear, frommonth, fromday, 00, 00) and time < timestamp(toyear, tomonth, today, ",动量价格通道开仓与平仓策略Momentum-Price-Channel-Opening-and-Closing-Strategy.md
434480,1d,PineScript,1h,SL+TP,close_based_stop,SL+TP,next bar's open (condition read at bar close),no,,hand-checked,,"L32: strategy.close("""", when=lexit1)",基于RSI的量化交易策略RSI-Based-Quantitative-Trading-Strategy.md
434560,1d,PineScript,1h,SL,intrabar_order,SL+TP,inside the bar (stop/limit order),yes,,hand-checked,,"L126: strategy.order("""", false, qty = strategy.position_size, stop=stoploss, oca_name="""",when = timeFilter and yesStops, comment = """")",双轨突破均线交叉策略Double-Rail-Breakthrough-Moving-Average-Crossover-Strategy.md
434575,1d,PineScript,1h,TP,close_based_stop,TP+entry-relative+trailing,next bar's open (condition read at bar close),no,,hand-checked,,"L163: strategy.close_all(comment="""" + str.tostring(truncate(current_high_percent * 100, 3)) + """")",量化交易精准多空策略Fibonacci-Zone-DCA-Strategy.md
434600,1d,PineScript,1h,TP,close_based_stop,SL+TP,next bar's open (condition read at bar close),no,,auto,,"L124: strategy.close("""", comment="""", when=stoppedOut==true or takeProfit==true)",基于随机数字的量化交易策略Quantitative-Trading-Strategy-Based-on-Random-Numbers.md
434674,1d,PineScript,1h,SL+TP,close_based_stop,SL+TP,next bar's open (condition read at bar close),no,,auto,,L27: strategy.close_all(),连续高点突破策略N-Consecutive-Higher-Closes-Breakout-Strategy.md
434687,1d,PineScript,1h,TP+trailing,stop_and_reverse,SL+trailing,"next bar's open, by an opposite entry",no,,hand-checked,,"L97: strategy.entry("""", strategy.long, when=buySignal)",基于趋势和均线交叉的多功能量化交易策略Trend-and-Moving-Average-Crossover-Based-Multi-Functional-Algorithmic-Trading-Strategy.md
434707,1d,PineScript,1h,SL,close_based_stop,SL+entry-relative,next bar's open (condition read at bar close),no,,auto,,"L69: strategy.close(id="""",comment="""",    when=close<stopLossVal)",动向指数平均线交叉ADX交易策略ADX-Crossover-Trend-Trading-Strategy.md
434708,1d,PineScript,1h,trailing,close_based_stop,SL+trailing,next bar's open (condition read at bar close),no,,auto,,L67: strategy.close_all(),基于移动平均线与平均真实范围尾随止损的量化交易策略Quantitative-Trading-Based-on-Moving-Average-Envelope-and-ATR-Trailing-Stop.md
434950,1d,PineScript,1h,SL+trailing,close_based_stop,SL,next bar's open (condition read at bar close),no,,auto,,"L123: strategy.close("""", when=exitBuyCondition)",布林带百分比交易策略Bollinger-Percentage-Bands-Trading-Strategy.md
434976,1d,PineScript,1h,trailing,close_based_stop,SL+trailing,next bar's open (condition read at bar close),no,,auto,,"L55: strategy.close("""")",动态ATR追踪止损策略Dynamic-ATR-Trailing-Stop-Loss-Strategy.md
434995,1d,PineScript,1h,SL,close_based_stop,SL+entry-relative,next bar's open (condition read at bar close),no,,hand-checked,,"L40: strategy.close(id="""", comment="""" + (stopCondition ? """" : """"))",基于ATR通道均线反转的量化交易策略ATR-Channel-Mean-Reversion-Quantitative-Trading-Strategy.md
434999,1d,PineScript,1h,SL,no_stop_exit,,no stop exit,no,,hand-checked,"stop/target names found, but none reaches an order call",,基于EMA和ATR止损的趋势跟踪策略EMA-Strategy-with-ATR-Stop-Loss.md
435157,1d,PineScript,1h,SL+trailing,close_based_stop,SL+entry-relative,next bar's open (condition read at bar close),no,,auto,,L154: strategyClose()  [via strategyClose()],可持续追踪止损交易策略Sustainable-Trailing-Stop-Loss-Trading-Strategy.md
435252,1d,PineScript,1h,SL,close_based_stop,SL,next bar's open (condition read at bar close),no,,auto,,"L71: strategy.close("""")",基于ADX和MACD指标的交易策略ADX-and-MACD-Indicators-based-Trading-Strategy.md
435283,1d,PineScript,1h,SL+TP+trailing,close_based_stop,SL+entry-relative,next bar's open (condition read at bar close),no,,auto,,"L59: strategy.close(ENUM_LONG, comment=exit_msg)",双波带突破策略Double-Bollinger-Bands-Breakout-Strategy.md
435481,1d,PineScript,1h,SL+TP,close_based_stop,SL+TP+entry-relative,next bar's open (condition read at bar close),no,,auto,,"L158: strategy.close("""" , when = (open >= takeProfit) or (open <= stopLoss) or (high >= takeProfit) or (low <= stopLoss))",多因子组合自适应移动平均策略A-Multi-Factor-Combination-Strategy-with-Adaptive-Moving-Average.md
435703,1d,PineScript,1h,SL,close_based_stop,SL+TP,next bar's open (condition read at bar close),no,,hand-checked,,"L39: strategy.close("""", when = st_loss_long, comment = """")",基于均线和RSI的单边多头策略SMA-and-RSI-Long-Only-Strategy.md
435758,1d,PineScript,1h,SL+TP,close_based_stop,SL+TP+entry-relative,next bar's open (condition read at bar close),no,,auto,,L36: strategy.close_all(when = strategy.openprofit>TP or strategy.openprofit<SL),基于TSI指标和Hull移动平均线的量化策略-Quantitative-Trading-Strategy-Based-on-TSI-Indicator-and-Hull-Moving-Average.md
435835,1d,PineScript,1h,trailing,stop_and_reverse,SL+trailing,"next bar's open, by an opposite entry",no,,hand-checked,,"L50: strategy.entry("""",strategy.long)",基于多因子模型的自适应趋势追踪策略Trend-Tracking-Strategy-Based-on-Multi-factor-Model-with-Adaptive-Trailing-Stoploss.md
435843,1d,PineScript,1h,SL,stop_and_reverse,SL,"next bar's open, by an opposite entry",no,,hand-checked,,"L60: strategy.entry("""", strategy.long)",RSI与布林带结合的短线交易策略RSI-Bollinger-Bands-Short-term-Trading-Strategy.md
435845,1d,PineScript,1h,SL+TP,close_based_stop,SL+entry-relative,next bar's open (condition read at bar close),no,,hand-checked,,"L196: strategy.close_all(comment="""", alert_message=exit_msg)",动量震荡跨界Bollinger带均线策略Momentum-Oscillation-Crossing-Bollinger-Bands-with-Moving-Average-Strategy.md
435850,1d,PineScript,1h,SL,close_based_stop,SL+TP+entry-relative+trailing,next bar's open (condition read at bar close),no,,auto,,"L146: strategy.close("""", when=longExit)",动态MA均线交叉趋势追踪策略Dynamic-MA-Crossover-Trend-Following-Strategy.md
435887,1d,PineScript,1h,TP,no_stop_exit,,no stop exit,no,,hand-override,"'TP' is typical price (Finite Volume Elements), not a target","L53: strategy.entry("""", strategy.long)",基于波动率的有限交易量元素策略Volatility-Finite-Volume-Elements-Strategy.md
435902,1d,PineScript,1h,SL,intrabar_order,SL,inside the bar (stop/limit order),yes,,hand-checked,,"L44: strategy.order("""", false, stop=stop_price)",基于均线的布林带短线反转量化策略Bollinger-Band-Short-term-Reversion-Quantitative-Strategy-Based-on-Moving-Average.md
435962,1d,PineScript,1h,TP,close_based_stop,entry-relative,next bar's open (condition read at bar close),no,,hand-checked,,"L34: strategy.close("""", when = sell)",基于移动平均线的趋势追踪策略Trend-Following-Strategy-Based-on-Moving-Average.md
435972,1d,PineScript,1h,TP,close_based_stop,SL+TP+entry-relative,next bar's open (condition read at bar close),no,,auto,,"L65: strategy.close("""", when = closeLong and window())",三重EMA趋势跟踪策略Triple-EMA-Trend-Following-Strategy.md
436000,1d,PineScript,1h,SL,intrabar_order,SL+TP+entry-relative,inside the bar (stop/limit order),yes,,hand-checked,,"L29: strategy.order("""", strategy.short, 2 * strategy.position_size, limit = close - 2 * diff)",埃尔斯即时趋势线策略Ehlers-Instantaneous-Trendline-Strategy.md
436110,1d,PineScript,1h,SL+TP+trailing,close_based_stop,SL+TP+entry-relative+trailing,next bar's open (condition read at bar close),no,,auto,,"L175: strategy.close("""", comment="""")",三重超趋势均线突破策略Triple-Supertrend-Breakout-Strategy.md
436224,1d,PineScript,1h,trailing,close_based_stop,trailing,next bar's open (condition read at bar close),no,,auto,,"L67: strategy.close("""", """")",跟踪价格突破高低策略Broken-High-Low-Strategy.md
436608,1d,PineScript,1h,SL+TP,close_based_stop,SL+TP,next bar's open (condition read at bar close),no,,hand-checked,,"L126: strategy.close("""", when= longExitSignal_original)",动态买卖量波动突破策略Dynamic-Buying-Selling-Volume-Breakout-Strategy.md
436646,1d,PineScript,1h,TP,close_based_stop,entry-relative,next bar's open (condition read at bar close),no,,hand-checked,,"L36: strategy.close("""")",双均线交叉黄金交叉量化策略Dual-Moving-Average-Golden-Cross-Quantitative-Strategy.md
436653,1d,PineScript,1h,SL+TP,close_based_stop,SL+TP+entry-relative,next bar's open (condition read at bar close),no,,auto,,"L128: strategy.close(TradeId + """", when=close_long)",高杠杆防止追加保证金头寸管理策略Leveraged-Position-Sizing-with-Margin-Call-Risk-Management-Strategy.md
436789,1d,PineScript,1h,SL+TP,no_stop_exit,,no stop exit,no,,hand-checked,"stop/target names found, but none reaches an order call",,基于多重指标的趋势追踪策略Multi-Indicator-Trend-Tracking-Strategy.md
436790,1d,PineScript,1h,SL+TP,stop_entry,SL+TP,no stop exit; the entry itself is a stop/limit order,no,,auto,stop=/limit= on strategy.entry makes the ENTRY a stop/limit order; there is no stop exit,"L32: strategy.entry("""", strategy.long, stop=sl, limit=tp)",Bollinger带均值回归交易策略Bollinger-Band-Mean-Reversion-Trading-Strategy.md
436877,1d,PineScript,1h,SL,close_based_stop,SL,next bar's open (condition read at bar close),no,,auto,,"L93: strategy.close("""")",均线反弹吸筹策略Moving-Average-Rebound-Strategy.md
436906,1d,PineScript,1h,SL+TP+trailing,close_based_stop,SL+entry-relative,next bar's open (condition read at bar close),no,,auto,,"L59: strategy.close(ENUM_LONG, comment=exit_msg)",相对量价策略Relative-Volume-Price-Strategy.md
436908,1d,PineScript,1h,SL+TP,close_based_stop,SL+TP+entry-relative,next bar's open (condition read at bar close),no,,auto,,"L527: strategy.close("""", comment="""")",多指标自适应趋势交易策略Multi-indicator-Adaptive-Trend-Trading-Strategy.md
436995,1d,PineScript,1h,SL,intrabar_order,SL+TP+entry-relative+trailing,inside the bar (stop/limit order),yes,,hand-checked,,"L236: strategy.order("""", strategy.short, abs(strategy.position_size),stop= sl_price,  comment=""""+ tostring(close))",基于均线反转的短线交易策略Mean-Reversion-Line-Strategy.md
437022,1d,PineScript,1h,SL+TP,close_based_stop,SL+TP+entry-relative,next bar's open (condition read at bar close),no,,auto,,"L89: strategy.close("""")",动态止盈追趋策略Dynamic-Take-Profit-Following-Trend-Strategy.md
437376,1d,PineScript,1h,SL,close_based_stop,SL,next bar's open (condition read at bar close),no,,auto,,"L133: strategy.close("""",  when = long_hit_pt  or long_hit_sl)",九种移动平均线交叉策略Nine-Types-of-Moving-Average-Crossover-Strategy.md
437508,1d,PineScript,1h,SL,no_stop_exit,,no stop exit,no,,hand-checked,"stop/target names found, but none reaches an order call",,KP移动平均趋势策略Heyping-Moving-Average-Trend-Strategy.md
437653,1d,PineScript,1h,SL+TP,close_based_stop,SL+TP+entry-relative,next bar's open (condition read at bar close),no,,auto,,"L39: strategy.close("""")",HMA动能指标突破策略HMA-Momentum-Breakthrough-Strategy.md
437763,1d,PineScript,1h,SL+TP,close_based_stop,SL+TP+entry-relative,next bar's open (condition read at bar close),no,,auto,,"L42: strategy.close("""")",Ichimoku云带量化交易策略Ichimoku-Cloud-Quantitative-Trading-Strategy.md
437795,1d,PineScript,1h,SL+TP,close_based_stop,SL+TP+entry-relative,next bar's open (condition read at bar close),no,,hand-checked,,"L70: strategy.close("""", comment="""")",均线黄金交叉RSI-MACD策略Improved-RSI-MACD-Moving-Average-Strategy.md
438020,1d,PineScript,1h,SL,close_based_stop,SL+trailing,next bar's open (condition read at bar close),no,,hand-checked,,"L97: strategy.close("""",  when = total_pos <= 0)",多时间框架跟踪止损策略Multi-Timeframe-Trailing-Stop-Loss-Strategy.md
438035,1d,PineScript,1h,SL,stop_entry,SL,no stop exit; the entry itself is a stop/limit order,no,,auto,stop=/limit= on strategy.entry makes the ENTRY a stop/limit order; there is no stop exit,"L49: strategy.entry("""", strategy.long, stop=longStop)",基于超级趋势的以太坊交易策略SuperTrend-Strategy-for-Ethereum-Trading.md
438036,1d,PineScript,1h,SL,close_based_stop,SL,next bar's open (condition read at bar close),no,,hand-override,unnamed stop level (log midpoint) plotted as 'StopLoss'; exit when close is below it,,适应性变动性突破策略Adaptive-Volatility-Breakout-Strategy.md
438502,1d,PineScript,1h,SL,close_based_stop,SL,next bar's open (condition read at bar close),no,,hand-checked,,"L90: strategy.close("""")",反转双MACD交易策略Dual-MACD-Reversal-Trading-Strategy.md
438816,1d,PineScript,1h,SL,close_based_stop,SL,next bar's open (condition read at bar close),no,,auto,,"L124: strategy.close("""", when = sellSignallk)",乘法移动平均线双向交易策略Multiplicative-Moving-Average-Dual-direction-Trading-Strategy.md
439049,1d,PineScript,1h,SL+TP,close_based_stop,SL+TP+entry-relative,next bar's open (condition read at bar close),no,,auto,,"L24: strategy.order("""", strategy.long, orderSize, take_level, st_level, comment="""")",基于RSI指标的短线交易策略RSI-Indicator-Based-Short-term-Trading-Strategy.md
439096,1d,PineScript,1h,trailing,no_stop_exit,,no stop exit,no,,hand-checked,"stop/target names found, but none reaches an order call",,三重移动平均均线与MACD组合量化策略Triple-Moving-Average-Combined-with-MACD-Quantitative-Strategy.md
439107,1d,PineScript,1h,SL+TP+trailing,no_stop_exit,,no stop exit,no,,hand-checked,"stop/target names found, but none reaches an order call",,基于均线价格形态和量能的反转策略-A-Trend-Reversal-Strategy-Based-on-Moving-Averages-Price-Patterns-and-Volume.md
439199,1d,PineScript,1h,SL+TP+trailing,close_based_stop,SL+TP,next bar's open (condition read at bar close),no,,auto,,"L828: strategy.close("""", when=longClose )",多时间框架趋势追踪组合信号策略Multi-Timeframe-Trend-Tracking-Strategy.md
439272,1d,PineScript,1h,TP,close_based_stop,TP,next bar's open (condition read at bar close),no,,auto,,"L52: strategy.close("""", when=buyclose or BUYTP==true, comment = """")",动量加速扩展价量趋势策略Extended-Price-Volume-Trend-Strategy.md
439349,1d,PineScript,1h,trailing,close_based_stop,SL,next bar's open (condition read at bar close),no,,hand-checked,,"L28: strategy.close("""")",基于跟踪止损和追踪买入的简单策略Simple-Trailing-Stop-Buy-Strategy-Based-on-Percentage.md
439708,1d,PineScript,1h,TP,no_stop_exit,,no stop exit,no,,hand-checked,"stop/target names found, but none reaches an order call",,双移动平均线交叉MACD趋势跟踪策略Dual-Moving-Average-Crossover-MACD-Trend-Following-Strategy.md
439757,1d,PineScript,1h,SL,close_based_stop,SL+entry-relative,next bar's open (condition read at bar close),no,,hand-checked,,"L46: strategy.close(id="""", comment="""" + (stopCondition ? """" : """"))",基于动量回踩策略Momentum-Pullback-Strategy.md
439862,1d,PineScript,1h,TP,no_stop_exit,,no stop exit,no,,hand-checked,"stop/target names found, but none reaches an order call",,基于快速移动均线和慢速移动均线的量化交易策略Dual-Moving-Average-Breakout-Strategy.md
439875,1d,PineScript,1h,SL+TP+trailing,close_based_stop,SL+TP,next bar's open (condition read at bar close),no,,auto,,"L53: strategy.close("""")",动态双EMA游离停止策略Dynamic-Dual-EMA-Trailing-Stop-Strategy.md
439969,1d,PineScript,1h,SL+TP,no_stop_exit,,no stop exit,no,,hand-checked,"stop/target names found, but none reaches an order call",,双指数平均线交叉量化交易策略Dual-Exponential-Moving-Average-Crossover-Algorithmic-Trading-Strategy.md
440058,1d,PineScript,1h,TP,close_based_stop,TP+entry-relative,next bar's open (condition read at bar close),no,,auto,,L46: strategy.close_all(),杠杆化马丁格尔期货交易策略Leveraged-Martingale-Futures-Trading-Strategy.md
440322,1d,PineScript,1h,SL+trailing,close_based_stop,SL,next bar's open (condition read at bar close),no,,auto,,"L79: strategy.close("""",when = crossunder(k, d) and k > OverBoughtClose or open < LstopLoss  )",双均线指标随机策略Dual-Moving-Average-Stochastic-Strategy.md
440679,1d,PineScript,1h,SL+TP,no_stop_exit,,no stop exit,no,,hand-checked,"stop/target names found, but none reaches an order call",,KDJ阳线突破买入策略KDJ-Golden-Cross-Long-Entry-Strategy.md
440689,1d,PineScript,1h,SL+TP,close_based_stop,SL+TP+entry-relative+trailing,next bar's open (condition read at bar close),no,,hand-checked,,"L208: strategy.close(id = """", when = close <= long_sl, comment = """")",跟踪止损移动均线交易策略Tracking-Stop-Loss-Moving-Average-Trading-Strategy.md
440712,1d,PineScript,1h,SL+TP,close_based_stop,SL+TP+entry-relative,next bar's open (condition read at bar close),no,,auto,,"L199: strategy.close(id = """", alert_message = """" + syminfo.basecurrency + """" + syminfo.currency + """" + str.tostring(close) + """" + sourceUuid + """" + secretToken + """")",Ichimoku云图量化策略Ichimoku-Clouds-Quant-Strategy.md
440802,1d,PineScript,1h,trailing,no_stop_exit,,no stop exit,no,,hand-checked,"stop/target names found, but none reaches an order call",,基于Stoch-RSI的趋势追踪策略Stoch-RSI-Based-Trend-Following-Strategy.md
440809,1d,PineScript,1h,SL,no_stop_exit,,no stop exit,no,,hand-checked,"stop/target names found, but none reaches an order call",,基于布林带RSI和移动平均线的趋势跟踪策略Trend-Following-Strategy-Based-on-Bollinger-Bands-RSI-and-Moving-Average.md
440872,1d,PineScript,1h,SL+TP,no_stop_exit,,no stop exit,no,,hand-checked,"stop/target names found, but none reaches an order call",,基于一云突破和ADX指标的量化交易策略Quantitative-Trading-Strategy-Based-on-Ichimoku-Cloud-Breakout-and-ADX-Index.md
440993,1d,PineScript,1h,SL,close_based_stop,SL+TP+entry-relative+trailing,next bar's open (condition read at bar close),no,,auto,,"L369: strategy.close("""", when=closelong)",基于多因子模型的动量交易策略Momentum-Trading-Strategy-Based-on-Multi-factor-Model.md
441059,1d,PineScript,1h,SL+TP,close_based_stop,SL+TP+entry-relative,next bar's open (condition read at bar close),no,,auto,,"L161: strategy.close("""", when = shortCondition or long_take_profit_condition or long_stop_loss_condition)",双范围过滤趋势跟踪策略Dual-Range-Filter-Trend-Tracking-Strategy.md
441160,1d,PineScript,1h,SL,close_based_stop,SL,next bar's open (condition read at bar close),no,,hand-checked,,"L49: strategy.close("""")",理查德海龟交易策略Richards-Turtle-Trading-Strategy.md
442010,1d,PineScript,1h,SL,close_based_stop,SL,next bar's open (condition read at bar close),no,,auto,,"L88: strategy.close("""")",基于双均线智能追踪交易策略Dual-Moving-Average-Intelligent-Tracking-Trading-Strategy.md
442080,1d,PineScript,1h,SL,no_stop_exit,,no stop exit,no,,hand-checked,"stop/target names found, but none reaches an order call",,MACD基于均线的动态趋势判断策略MACD-Moving-Average-Combination-Cross-Period-Dynamic-Trend-Strategy.md
442083,1d,PineScript,1h,SL+TP,no_stop_exit,,no stop exit,no,,hand-checked,"stop/target names found, but none reaches an order call",,黄金森林1分钟突破策略Gem-Forest-1-Minute-Breakout-Strategy.md
442114,1d,PineScript,1h,SL,close_based_stop,SL,next bar's open (condition read at bar close),no,,auto,,"L87: strategy.close("""")",双动能均线交易策略Bugra-Trading-Strategy-Based-on-Dual-Kinetic-Moving-Average.md
442502,1d,PineScript,1h,SL+TP,close_based_stop,SL+entry-relative+trailing,next bar's open (condition read at bar close),no,,auto,,"L68: strategy.close("""", comment="""")",宽带震荡锁定策略Bollinger-Bands-Consolidation-Strategy.md
442553,1d,PineScript,1h,SL+TP,close_based_stop,SL+TP+entry-relative,next bar's open (condition read at bar close),no,,auto,,"L44: strategy.close("""", comment="""")",基于MA线的趋势追踪策略Trend-Following-Strategy-Based-on-MA-Lines.md
442635,1d,PineScript,1h,SL+TP+trailing,close_based_stop,TP+entry-relative+trailing,next bar's open (condition read at bar close),no,,auto,,"L36: strategy.close("""")",带滑点止损的DCA定投策略DCA-Strategy-with-Trailing-Take-Profit.md
442817,1d,PineScript,1h,TP,close_based_stop,entry-relative,next bar's open (condition read at bar close),no,,hand-checked,,"L33: strategy.close("""")",双移动平均-HullMA交叉趋势策略Dual-Moving-Average-HullMA-Crossover-Trend-Strategy.md
442929,1d,PineScript,1h,SL,close_based_stop,SL+entry-relative,next bar's open (condition read at bar close),no,,auto,,"L33: strategy.close("""",comment="""" + (close_condition2 ? """" : """"))",动态均线回拉交易策略Pullback-Trading-Strategy-Based-on-Dynamic-Moving-Average.md
442932,1d,PineScript,1h,SL+TP,close_based_stop,SL,next bar's open (condition read at bar close),no,,hand-checked,,"L611: strategy.close("""", when=close_long)",双重趋势过滤优化策略Dual-Trend-Filtering-Optimization-Strategy.md
442937,1d,PineScript,1h,trailing,stop_and_reverse,trailing,"next bar's open, by an opposite entry",no,,hand-checked,,"L22: strategy.entry("""", strategy.long)",基于动态追踪止损策略Dynamic-Trailing-Stop-Strategy.md
443034,1d,PineScript,1h,trailing,stop_and_reverse,SL+trailing,"next bar's open, by an opposite entry",no,,hand-checked,,"L40: strategy.entry("""", strategy.long)",基于ATR和斐波那契回撤止损的趋势跟踪策略ATR-Trailing-Stop-Strategy-with-Fibonacci-Retracement-Targets.md
443093,1d,PineScript,1h,SL,close_based_stop,SL,next bar's open (condition read at bar close),no,,auto,,"L121: strategy.close("""")",基于MOST和KAMA的趋势跟踪策略Trend-Riding-Strategy-Based-on-MOST-and-KAMA.md
443132,1d,PineScript,1h,SL+trailing,close_based_stop,SL+entry-relative+trailing,next bar's open (condition read at bar close),no,,auto,,"L140: strategy.close_all("""")",海龟交易决策系统Turtle-Trading-Decision-System.md
443986,1d,PineScript,1h,SL+TP,stop_entry,SL+TP,no stop exit; the entry itself is a stop/limit order,no,,auto,stop=/limit= on strategy.entry makes the ENTRY a stop/limit order; there is no stop exit,"L27: strategy.entry("""", strategy.long, stop=stopLoss, limit=takeProfit)",基于移动平均线和超级趋势指标的双重过滤指数基金策略Dual-Filter-Index-Fund-Strategy-Based-on-Moving-Averages-and-Supertrend-Indicator.md
443988,1d,PineScript,1h,SL,close_based_stop,SL+entry-relative,next bar's open (condition read at bar close),no,,hand-checked,,"L46: strategy.close(id="""", comment="""" + (stopCondition ? """" : """"))",基于双均线交叉量化策略The-EMA-Cross-Quantitative-Strategy.md
444020,1d,PineScript,1h,SL+trailing,close_based_stop,trailing,next bar's open (condition read at bar close),no,,auto,,"L66: strategy.close("""", comment="""")",比特币动量跟踪止损策略Bitcoin-Momentum-Trailing-Stop-Strategy.md
444025,1d,PineScript,1h,TP,no_stop_exit,,no stop exit,no,,hand-checked,"stop/target names found, but none reaches an order call",,布林带与随机指标KD交叉策略Bollinger-Bands-and-Stochastic-KD-Crossover-Strategy.md
444031,1d,PineScript,1h,SL,close_based_stop,SL,next bar's open (condition read at bar close),no,,auto,,"L35: strategy.close("""", comment = """")",连续阴跌-阳涨反转策略Consecutive-Downs-Ups-Reversal-Strategy.md
444034,1d,PineScript,1h,SL,no_stop_exit,,no stop exit,no,,hand-checked,"stop/target names found, but none reaches an order call",,基于价格波动范围的买卖信号过滤策略Range-Filter-Buy-Sell-Signals-Strategy.md
445451,1d,PineScript,1h,SL,no_stop_exit,,no stop exit,no,,hand-checked,"stop/target names found, but none reaches an order call",,一文中局部震荡趋势识别策略Ichimoku-Cloud-Local-Trend-Identification-Strategy.md
445788,1d,PineScript,1h,SL,close_based_stop,SL+entry-relative,next bar's open (condition read at bar close),no,,hand-checked,,"L91: strategy.close("""")",MACDEMA多时间尺度突破策略MACDEMA-Multi-Timeframe-Breakout-Strategy.md
445820,1d,PineScript,1h,SL+trailing,no_stop_exit,,no stop exit,no,,hand-checked,"stop/target names found, but none reaches an order call",,趋势突破策略ATR-Trend-Breakout-Strategy.md
445821,1d,PineScript,1h,SL,close_based_stop,SL+entry-relative,next bar's open (condition read at bar close),no,,auto,,"L37: strategy.close("""")",双均线交叉优化止损策略Dual-Moving-Average-Crossover-with-Optimized-Stop-Loss-Strategy.md
446459,1d,PineScript,1h,SL,close_based_stop,SL+entry-relative,next bar's open (condition read at bar close),no,,auto,,"L46: strategy.close(id="""", comment="""" + (stopCondition ? """" : """"))",移动平均回调追踪策略-Moving-Average-Pullback-Tracking-Strategy.md
446460,1d,PineScript,1h,SL+TP,no_stop_exit,,no stop exit,no,,hand-checked,"stop/target names found, but none reaches an order call",,基于目标止损比例和固定仓位的EMA交叉策略-EMA-Crossover-Strategy-with-Target-Stop-loss-Ratio-and-Fixed-Position-Size.md
448074,1d,PineScript,1h,SL+TP,intrabar_order,SL+TP+entry-relative,inside the bar (stop/limit order),yes,,hand-checked,,"L163: strategy.order("""",strategy.short, qty=math.abs(strategy.position_size*Qty1), limit=LongTake1, oca_name="""", oca_type=strategy.oca.cancel)",均线交叉MACD慢线动量策略Moving-Average-Crossover-MACD-Slow-Line-Momentum-Strategy.md
449519,1d,PineScript,1h,SL+TP,close_based_stop,SL+TP+entry-relative,next bar's open (condition read at bar close),no,,hand-checked,,"L51: strategy.close("""")",EMA23-EMA50双均线交叉量化交易策略-EMA23-EMA50-Double-Moving-Average-Crossover-Quantitative-Trading-Strategy.md
449709,1d,PineScript,1h,SL+TP,no_stop_exit,,no stop exit,no,,hand-override,'sltp' is the RSI band's 'Minimum Difference' input,"L81: strategy.entry("""", strategy.long)",RSI趋势反转策略-RSI-Trend-Reversal-Strategy.md
449843,1d,PineScript,1h,SL,close_based_stop,SL,next bar's open (condition read at bar close),no,,auto,,"L45: strategy.close("""", comment="""")",MA99接触与动态止损策略-MA99-Touch-and-Dynamic-Stop-Loss-Strategy.md
449852,1d,PineScript,1h,SL,close_based_stop,SL+entry-relative,next bar's open (condition read at bar close),no,,auto,,"L37: strategy.close("""" ,comment = """"+(close_condition2 ? """":""""))",多时间框架比特币币安币和以太坊交易回撤策略-Multi-Timeframe-Bitcoin-Binance-Coin-and-Ethereum-Pullback-Trading-Strategy.md
451732,1d,PineScript,1h,SL,stop_entry,SL,no stop exit; the entry itself is a stop/limit order,no,,hand-checked,stop=/limit= on strategy.entry makes the ENTRY a stop/limit order; there is no stop exit,"L57: strategy.entry("""", strategy.long, stop=stopPrice, comment="""")",HalfTrend多空趋势追踪止损限价买入策略-HalfTrend-Bullish-and-Bearish-Trend-Following-Stop-Limit-Buy-Strategy.md
452273,1d,PineScript,1h,SL+TP,stop_entry,SL+TP,no stop exit; the entry itself is a stop/limit order,no,,auto,stop=/limit= on strategy.entry makes the ENTRY a stop/limit order; there is no stop exit,"L62: strategy.entry("""", strategy.long, stop=longStopLoss, limit=longTakeProfit)",BONK多因子交易策略BONK-Multi-Factor-Trading-Strategy.md
452279,1d,PineScript,1h,SL+TP,stop_entry,SL+TP,no stop exit; the entry itself is a stop/limit order,no,,hand-checked,stop=/limit= on strategy.entry makes the ENTRY a stop/limit order; there is no stop exit,"L45: strategy.entry("""", strategy.long, stop=close * (1 - stop_loss_perc), limit=close * (1 + take_profit_perc))",多时间框架与200EMA过滤器的趋势跟踪策略-仅做多-Multi-Timeframe-Trend-Following-Strategy-with-200-EMA-Filter-Long-Only.md
452363,1d,PineScript,1h,SL+TP,no_stop_exit,,no stop exit,no,,hand-checked,"stop/target names found, but none reaches an order call",,SMC-EMA-Strategy-with-PL-Projections-SMC与EMA策略以及PL预测.md
452696,1d,PineScript,1h,SL+TP,close_based_stop,SL+TP+entry-relative,next bar's open (condition read at bar close),no,,auto,,"L40: strategy.close("""")",动态头寸规模短线外汇交易策略Dynamic-Position-Sizing-Short-Term-Forex-Trading-Strategy.md
452698,1d,PineScript,1h,SL+TP,close_based_stop,SL+TP+entry-relative,next bar's open (condition read at bar close),no,,hand-checked,,"L27: strategy.close("""", comment="""")",动态仓位管理每日交易策略Dynamic-Position-Management-Daily-Trading-Strategy.md
453264,1d,PineScript,1h,SL,close_based_stop,SL+entry-relative,next bar's open (condition read at bar close),no,,hand-checked,,"L30: strategy.close("""")",基于连续K线动态网格自适应均线动态止损策略-Continuous-Candle-Based-Dynamic-Grid-Adaptive-Moving-Average-with-Dynamic-Stop-Loss-Strategy.md
453278,1d,PineScript,1h,SL+TP+trailing,close_based_stop,SL+TP+entry-relative+trailing,next bar's open (condition read at bar close),no,,auto,,"L60: strategy.close("""", comment="""")",MACD与RR比率日内限制收敛策略-MACD-Convergence-Strategy-with-RR-Daily-Limits-and-Tighter-Stop-Loss.md
457786,1d,PineScript,1h,SL+TP,stop_entry,SL+TP,no stop exit; the entry itself is a stop/limit order,no,,auto,stop=/limit= on strategy.entry makes the ENTRY a stop/limit order; there is no stop exit,"L24: strategy.entry("""", strategy.long, stop=close * (1 - stopLossPercent), limit=close * (1 + takeProfitPercent))",确认型均线交叉动量策略-Confirmed-SMA-Crossover-Momentum-Strategy.md
457797,1d,PineScript,1h,SL+TP,stop_entry,SL+TP,no stop exit; the entry itself is a stop/limit order,no,,hand-checked,stop=/limit= on strategy.entry makes the ENTRY a stop/limit order; there is no stop exit,"L60: strategy.entry("""", strategy.long, stop=long_stop_loss, limit=long_take_profit)",多重技术指标趋势跟踪策略-结合超级趋势EMA和风险管理-Multi-Indicator-Trend-Following-Strategy-Integrating-SuperTrend-EMA-and-Risk-Management.md
458037,1d,PineScript,1h,TP,close_based_stop,TP,next bar's open (condition read at bar close),no,,hand-checked,,"L88: strategy.close_all("""")",高频翻转百分比追踪动量策略-High-Frequency-Flip-Percentage-Tracking-Momentum-Strategy.md
458042,1d,PineScript,1h,SL+TP,stop_entry,SL+TP,no stop exit; the entry itself is a stop/limit order,no,,auto,stop=/limit= on strategy.entry makes the ENTRY a stop/limit order; there is no stop exit,"L38: strategy.entry("""", strategy.long, stop=stopLoss, limit=takeProfit, qty=qty)",EMA趋势追踪自动化交易策略-EMA-Trend-Following-Automated-Trading-Strategy.md
458065,1d,PineScript,1h,SL,stop_entry,SL,no stop exit; the entry itself is a stop/limit order,no,,hand-checked,stop=/limit= on strategy.entry makes the ENTRY a stop/limit order; there is no stop exit,"L25: strategy.entry("""", strategy.long, stop=sl)",双均线均值回归策略结合风险控制-Dual-Moving-Average-Mean-Reversion-Strategy-with-Risk-Control.md
458073,1d,PineScript,1h,SL,close_based_stop,SL,next bar's open (condition read at bar close),no,,auto,,"L50: strategy.close("""")",ChandelierExit-EMA动态止损趋势跟踪策略-ChandelierExit-EMA-Dynamic-Stop-Loss-Trend-Following-Strategy.md
458147,1d,PineScript,1h,SL+TP,stop_entry,SL+TP,no stop exit; the entry itself is a stop/limit order,no,,auto,stop=/limit= on strategy.entry makes the ENTRY a stop/limit order; there is no stop exit,"L32: strategy.entry("""", strategy.long, qty=input_lot_size, stop=close - stop_loss, limit=close + take_profit)",动态趋势追踪策略-多指标综合动量分析系统-Dynamic-Trend-Following-Strategy-Multi-Indicator-Integrated-Momentum-Analysis-System.md
458235,1d,PineScript,1h,SL+TP,stop_entry,SL+TP,no stop exit; the entry itself is a stop/limit order,no,,hand-checked,stop=/limit= on strategy.entry makes the ENTRY a stop/limit order; there is no stop exit,"L41: strategy.entry("""", strategy.long, stop=close * (1 - stopLossPerc), limit=close * (1 + takeProfitPerc))",高低突破策略结合Alpha趋势和移动平均线过滤-High-Low-Breakout-Strategy-with-Alpha-Trend-and-Moving-Average-Filter.md
458250,1d,PineScript,1h,TP,close_based_stop,TP+entry-relative,next bar's open (condition read at bar close),no,,auto,,"L86: strategy.close("""")",基于洛伦兹分类法的多时间框架交易策略Lorenzian-Classification-Multi-Timeframe-Target-Strategy.md
458270,1d,PineScript,1h,SL+TP,close_based_stop,SL+TP+entry-relative,next bar's open (condition read at bar close),no,,hand-checked,,"L72: strategy.close("""", comment="""")",动态趋势追踪与精准止盈止损策略-Dynamic-Trend-Following-with-Precision-Take-Profit-and-Stop-Loss-Strategy.md
468335,1d,PineScript,1d,SL,no_stop_exit,,no stop exit,no,,hand-override,"stop distance only sizes the position; long-only, no stop exit","L30: strategy.entry("""", strategy.long, qty=positionSize)",基于双均线的黄金交叉自适应风险管理策略-Adaptive-Risk-Management-Strategy-Based-on-Dual-Moving-Average-Golden-Cross.md
469612,1d,PineScript,1d,SL+TP,close_based_stop,SL+TP,next bar's open (condition read at bar close),no,,auto,,"L452: strategy.close("""", when=short_tp)",多级平衡量化交易策略-Multi-Level-Balanced-Quantitative-Trading-Strategy.md
469613,1d,PineScript,1d,SL,stop_entry,SL+TP,no stop exit; the entry itself is a stop/limit order,no,,auto,stop=/limit= on strategy.entry makes the ENTRY a stop/limit order; there is no stop exit,"L52: strategy.entry("""", strategy.long, stop=stopLossLong, limit=targetLong)",动态风险管理的均线交叉与布林带策略-Dynamic-Risk-Managed-EMA-Crossover-with-Bollinger-Bands-Strategy.md
472971,1d,PineScript,1d,SL+TP,no_stop_exit,,no stop exit,no,,hand-checked,"stop/target names found, but none reaches an order call",,双均线交叉趋势追踪策略结合动态止盈止损系统-Dual-Moving-Average-Crossover-Trend-Following-Strategy-with-Dynamic-Stop-Loss-and-Take-Profit-System.md
473262,1d,PineScript,1d,TP,no_stop_exit,,no stop exit,no,,hand-checked,"stop/target names found, but none reaches an order call",,增强型趋势反转多指标交叉智能策略-Enhanced-Multi-Indicator-Trend-Reversal-Intelligence-Strategy.md
473385,1d,PineScript,1d,SL+trailing,close_based_stop,SL+trailing,next bar's open (condition read at bar close),no,,auto,,"L61: strategy.close("""")",多重均线交叉与RSI动态追踪止损量化交易策略-Multi-MA-Crossover-with-RSI-Dynamic-Trailing-Stop-Loss-Quantitative-Trading-Strategy.md
473408,1d,PineScript,1d,SL+TP,stop_entry,SL+TP,no stop exit; the entry itself is a stop/limit order,no,,hand-checked,stop=/limit= on strategy.entry makes the ENTRY a stop/limit order; there is no stop exit,"L104: strategy.entry("""", strategy.long, qty, limit=close*(1+take_profit), stop=close*(1-stop_loss))",多时段Bollinger动量突破策略结合Hull均线策略-Multi-Timeframe-Bollinger-Momentum-Breakout-Strategy-with-Hull-Moving-Average.md
473940,1d,PineScript,1d,SL,no_stop_exit,,no stop exit,no,,hand-override,"stopLoss computed, never used; reEntryAfterSL is an entry signal","L66: strategy.entry("""", strategy.long)",双均线与相对强弱混合型自适应策略-Dual-EMA-and-Relative-Strength-Adaptive-Trading-Strategy.md
473943,1d,PineScript,1d,SL,close_based_stop,SL+TP,next bar's open (condition read at bar close),no,,auto,,"L37: strategy.close("""")",多重指数均线自动交易跟踪止盈系统-Multi-EMA-Automated-Trading-System-with-Trailing-Profit-Lock.md
474668,1d,PineScript,1d,SL+TP+trailing,close_based_stop,SL+TP+trailing,next bar's open (condition read at bar close),no,,auto,,"L72: strategy.close("""", comment="""")",基于布林带和ATR的多级智能动态跟踪止损策略-Multi-Level-Intelligent-Dynamic-Trailing-Stop-Strategy-Based-on-Bollinger-Bands-and-ATR.md
474689,1d,PineScript,1d,SL+TP,stop_entry,SL+TP,no stop exit; the entry itself is a stop/limit order,no,,hand-checked,stop=/limit= on strategy.entry makes the ENTRY a stop/limit order; there is no stop exit,"L62: strategy.entry("""", strategy.long, stop=stopLossPips, limit=takeProfitPips)",多周期均线配合斐波那契回调与枢轴点交易策略-Multi-Timeframe-EMA-with-Fibonacci-Retracement-and-Pivot-Points-Trading-Strategy.md
474865,1d,PineScript,1d,trailing,close_based_stop,SL+trailing,next bar's open (condition read at bar close),no,,auto,,"L57: strategy.close("""", qty=sell_quantity)",动态趋势跟踪ATR多周期交易策略-Dynamic-Trend-Following-ATR-Multi-Period-Trading-Strategy.md
474868,1d,PineScript,1d,trailing,close_based_stop,trailing,next bar's open (condition read at bar close),no,,auto,,"L48: strategy.close("""")",多指标趋势追踪策略结合布林带和-ATR-动态止损-Multi-Indicator-Trend-Following-Strategy-with-Bollinger-Bands-and-ATR-Dynamic-Stop-Loss.md
474872,1d,PineScript,1d,trailing,close_based_stop,SL+trailing,next bar's open (condition read at bar close),no,,hand-checked,,"L57: strategy.close("""", qty=sell_quantity)",基于ATR的动态跟踪止损交易策略-Dynamic-ATR-based-Trailing-Stop-Trading-Strategy.md
475591,1d,PineScript,1d,SL+trailing,stop_entry,SL+trailing,no stop exit; the entry itself is a stop/limit order,no,,auto,stop=/limit= on strategy.entry makes the ENTRY a stop/limit order; there is no stop exit,"L61: strategy.entry("""", strategy.long, stop=trailing_sl)",高级趋势追踪与自适应跟踪止损策略-Advanced-Trend-Following-Strategy-with-Adaptive-Trailing-Stop.md
476265,1d,PineScript,1d,SL,no_stop_exit,,no stop exit,no,,hand-checked,"stop/target names found, but none reaches an order call",,动态均线趋势跟踪与相对强弱指标确认交易策略-Dynamic-Moving-Average-Trend-Following-with-RSI-Confirmation-Trading-Strategy.md
476273,1d,PineScript,1d,SL,close_based_stop,SL,next bar's open (condition read at bar close),no,,hand-checked,,"L51: strategy.close("""", comment="""")",自适应趋势跟踪型动态趋势识别交易策略-Adaptive-Trend-Following-Dynamic-Trend-Recognition-Trading-Strategy.md
477530,1d,PineScript,1d,SL,close_based_stop,SL+entry-relative,next bar's open (condition read at bar close),no,,hand-checked,,"L45: strategy.close("""", comment="""")",动态指数均线交叉策略结合ADX趋势强度过滤系统-Dynamic-EMA-Crossover-Strategy-with-ADX-Trend-Strength-Filtering-System.md
477556,1d,PineScript,1d,SL,no_stop_exit,,no stop exit,no,,hand-checked,"stop/target names found, but none reaches an order call",,双指数均线动量交叉量化交易策略-Dual-Exponential-Moving-Average-Momentum-Crossover-Trading-Strategy.md
477600,1d,PineScript,1d,TP,close_based_stop,TP,next bar's open (condition read at bar close),no,,hand-checked,,"L33: strategy.close_all(comment="""")",基于下跌幅度与目标利润的多头网格策略-Long-Grid-Strategy-Based-on-Drawdown-and-Target-Profit.md
477602,1d,PineScript,1d,TP,close_based_stop,TP+entry-relative,next bar's open (condition read at bar close),no,,auto,,"L54: strategy.close("""")",基于量化统计的双标准差动态VWAP震荡突破交易策略-Statistical-Dual-Standard-Deviation-VWAP-Breakout-Trading-Strategy.md
477607,1d,PineScript,1d,SL+TP,no_stop_exit,,no stop exit,no,,hand-override,targetBuy is a band level that triggers entries,"L126: strategy.entry("""", strategy.long)",基于斐波那契序列的自适应布林带策略解析-Adaptive-Fibonacci-Bollinger-Bands-Strategy-Analysis.md
478690,1d,PineScript,1d,SL,close_based_stop,SL,next bar's open (condition read at bar close),no,,hand-checked,,"L104: strategy.close("""")",趋势追踪优化双T3指标策略-Optimized-Dual-T3-Trend-Tracking-Strategy.md
478694,1d,PineScript,1d,SL+trailing,close_based_stop,SL+entry-relative+trailing,next bar's open (condition read at bar close),no,,auto,,"L42: strategy.close("""", """")",动态趋势追踪与均线辅助的SuperTrend三重优化策略-Dynamic-Trend-Following-SuperTrend-Triple-Enhancement-Strategy.md
478698,1d,PineScript,1d,SL,stop_entry,SL,no stop exit; the entry itself is a stop/limit order,no,,auto,stop=/limit= on strategy.entry makes the ENTRY a stop/limit order; there is no stop exit,"L47: strategy.entry("""", strategy.long, stop=low * stop_loss_factor, limit=low + (high - low) * risk_reward)",基于历史回测的多时间周期公平价值缺口突破策略-Multi-timeframe-Fair-Value-Gap-Breakout-Strategy-with-Historical-Backtest.md
481107,1d,PineScript,1d,SL+TP,stop_entry,SL+TP,no stop exit; the entry itself is a stop/limit order,no,,hand-checked,stop=/limit= on strategy.entry makes the ENTRY a stop/limit order; there is no stop exit,"L45: strategy.entry("""", strategy.long, stop=stopLoss, limit=takeProfit)",动态趋势跟踪型双均线交叉交易策略-Dynamic-Trend-Following-Dual-Moving-Average-Crossover-Trading-Strategy.md
481356,1d,PineScript,1d,SL+TP,close_based_stop,SL+TP+entry-relative,next bar's open (condition read at bar close),no,,auto,,"L77: strategy.close_all("""")",动态趋势跟随多重指标分批止盈交易策略-Dynamic-Trend-Following-Multi-Indicator-Staged-Take-Profit-Trading-Strategy.md
482512,1d,PineScript,1d,TP,close_based_stop,TP+entry-relative,next bar's open (condition read at bar close),no,,hand-checked,,"L97: strategy.close("""")",QFL震荡条件止损均线策略-QFL-Oscillation-Stop-Loss-Moving-Average-Strategy.md
482773,1d,PineScript,1d,SL,close_based_stop,SL+TP+entry-relative,next bar's open (condition read at bar close),no,,auto,,"L58: strategy.close("""", comment="""")",多指标趋势动量ATR目标价交易策略-Multi-Indicator-Trend-Momentum-ATR-Target-Trading-Strategy.md
482821,1d,PineScript,1d,SL+TP,close_based_stop,SL,next bar's open (condition read at bar close),no,,auto,,"L43: strategy.close("""")",高级动量EMA趋势跟踪结合RSI超买超卖的交易策略-Advanced-Momentum-EMA-Trend-Following-with-RSI-Overbought-Oversold-Trading-Strategy.md
482860,1d,PineScript,1d,SL+TP,close_based_stop,SL+TP+entry-relative,next bar's open (condition read at bar close),no,,auto,,"L28: strategy.close("""", comment="""")",指数移动平均与相对强弱指数交叉策略-Exponential-Moving-Average-and-Relative-Strength-Index-Crossover-Strategy.md
482904,1d,PineScript,1d,SL+trailing,close_based_stop,trailing,next bar's open (condition read at bar close),no,,auto,,"L80: strategy.close("""", comment = """")",基于多重级别EMA与RSI动态势能强度的比特币跨周期趋势交易策略-Multi-Timeframe-Bitcoin-Trading-Strategy-Based-on-EMA-and-RSI-Dynamic-Momentum-Strength.md
482909,1d,PineScript,1d,TP,close_based_stop,TP+entry-relative,next bar's open (condition read at bar close),no,,auto,,"L52: strategy.close("""")",基于相对强弱指数和平均真实波幅的多层次动态成本均摊波段交易策略-Multi-Level-Dynamic-Cost-Averaging-Swing-Trading-Strategy-Based-on-RSI-and-ATR.md
483038,1d,PineScript,1d,SL,no_stop_exit,,no stop exit,no,,hand-override,"'sl' is the lowest value of an oscillator (snake line), not a stop","L44: strategy.close("""")",多重技术指标动态交叉趋势识别策略-Dynamic-Multi-Indicator-Trend-Recognition-Strategy-with-Triple-Sync-Analysis.md
483051,1d,PineScript,1d,trailing,close_based_stop,trailing,next bar's open (condition read at bar close),no,,hand-checked,,"L63: strategy.close("""")",动态流动性级联捕捉策略-Dynamic-Liquidity-Cascade-Capture-Strategy.md
483093,1d,PineScript,1d,TP,close_based_stop,SL+TP+entry-relative,next bar's open (condition read at bar close),no,,auto,,L164: strategy.close_all(),基于量化指标的蜡烛情绪动量趋势交易策略-Candlestick-Emotion-Momentum-Trend-Trading-Strategy-Based-on-Quantitative-Indicators.md
483117,1d,PineScript,1d,trailing,stop_and_reverse,SL+trailing,"next bar's open, by an opposite entry",no,,hand-checked,,"L48: strategy.entry("""", strategy.long)",ATR动态趋势跟踪与均线交叉交易策略-ATR-Dynamic-Trend-Following-and-EMA-Crossover-Trading-Strategy.md
483526,1d,PineScript,1d,TP,close_based_stop,TP+entry-relative,next bar's open (condition read at bar close),no,,auto,,"L43: strategy.close("""", qty=partialLot)",双指数移动平均线趋势跟踪与分步退出交易策略-Dual-EMA-Trend-Following-Strategy-with-Staged-Position-Exit.md
483677,1d,PineScript,1d,SL+TP,close_based_stop,SL+TP+entry-relative,next bar's open (condition read at bar close),no,,auto,,"L54: strategy.close("""")",布林带风险管理的看涨吞没策略量化交易系统-Bullish-Engulfing-Quantitative-Trading-System-with-Bollinger-Bands-Risk-Management.md
483680,1d,PineScript,1d,SL+TP,close_based_stop,SL+TP+entry-relative,next bar's open (condition read at bar close),no,,auto,,"L105: strategy.close("""")",指数移动均线烛台停止交易策略-Exponential-Moving-Average-Candle-Stop-Trading-Strategy.md
483792,1d,PineScript,1d,SL+TP,stop_entry,SL+TP,no stop exit; the entry itself is a stop/limit order,no,,auto,stop=/limit= on strategy.entry makes the ENTRY a stop/limit order; there is no stop exit,"L31: strategy.entry("""", strategy.long, stop=long_stop_loss, limit=long_take_profit)",多周期超级趋势百分比风控策略-Multi-Period-Supertrend-Percentage-Risk-Management-Strategy.md
484107,1d,PineScript,1d,SL+TP,close_based_stop,SL+TP,next bar's open (condition read at bar close),no,,auto,,L84: strategy.close_all(),自适应成本均值动态网格策略-基于DCA与马丁格尔原理的高级量化交易系统-Adaptive-Cost-Average-Dynamic-Grid-Strategy-Advanced-Quantitative-Trading-System-Based-on-DCA-and-Martingale-Principles.md
484773,1d,PineScript,1d,trailing,close_based_stop,SL+trailing,next bar's open (condition read at bar close),no,,auto,,"L26: strategy.close("""")",动态ATR追踪止损交易策略市场波动性自适应系统-Dynamic-ATR-Trailing-Stop-Trading-Strategy-Market-Volatility-Adaptive-System.md
486567,1d,PineScript,1d,SL+TP,close_based_stop,SL+TP,next bar's open (condition read at bar close),no,,auto,,"L60: strategy.close("""", comment="""")",对数价格均值回归动态止损策略-Logarithmic-Price-Mean-Reversion-Dynamic-Stop-Loss-Strategy.md
488142,1d,PineScript,1d,SL+TP+trailing,close_based_stop,SL+TP+entry-relative+trailing,next bar's open (condition read at bar close),no,,auto,,"L138: strategy.close("""")",多时间周期动量协同交易策略-融合EMA-MA-RSI的量化交易系统-Multi-Timeframe-Momentum-Convergence-Trading-System-Integrating-EMA-MA-RSI-for-Quantitative-Market-Analysis.md
488278,1d,PineScript,1d,SL+TP,stop_entry,SL+TP,no stop exit; the entry itself is a stop/limit order,no,,hand-checked,stop=/limit= on strategy.entry makes the ENTRY a stop/limit order; there is no stop exit,"L32: strategy.entry("""", strategy.long, qty=lotSize, stop=bidPrice - stopLossPoints * syminfo.mintick, limit=bidPrice + takeProfitPoints * syminfo.mintick)",多指标交叉动量交易策略EMA趋势与RSI超买超卖结合突破交易系统-Multi-Indicator-Cross-Momentum-Trading-Strategy-EMA-Trend-with-RSI-Overbought-Oversold-Breakout-System.md
488288,1d,PineScript,1d,SL+TP,close_based_stop,SL+entry-relative,next bar's open (condition read at bar close),no,,hand-checked,,"L45: strategy.close(id="""", comment="""")",RSI动量反转短期趋势跟踪策略与移动平均线聚合-RSI-Momentum-Reversal-Short-Term-Trend-Following-Strategy-with-Moving-Average-Confluence.md
488536,1d,PineScript,1d,SL+TP,close_based_stop,SL+TP+entry-relative,next bar's open (condition read at bar close),no,,auto,,"L144: strategy.close("""")",动态流动性驱动市场结构自适应交易策略-Dynamic-Liquidity-Driven-Market-Structure-Adaptive-Trading-Strategy.md
489893,1d,PineScript,1d,SL+TP,no_stop_exit,,no stop exit,no,,hand-checked,"stop/target names found, but none reaches an order call",,多因子均值回归策略结合随机相对强弱指标与布林带的均值回归交易系统-Multi-Factor-Mean-Reversion-Strategy-A-Mean-Reversion-Trading-System-Combining-Stochastic-RSI-and-Bollinger-Bands.md
490059,1d,PineScript,1d,SL+TP,close_based_stop,SL+TP+entry-relative,next bar's open (condition read at bar close),no,,auto,,"L231: strategy.close("""")",多指标确认均线突破DCA动态止盈策略-Multi-Indicator-Confirmation-EMA-Breakout-with-DCA-and-Dynamic-Take-Profit-Strategy.md
490519,1d,PineScript,1d,SL+trailing,close_based_stop,SL+trailing,next bar's open (condition read at bar close),no,,auto,,"L124: strategy.close("""", comment="""")",海肯阿希趋势追踪策略多层级止损机制的多时间周期趋势识别系统-Heiken-Ashi-Trend-Following-Strategy-Multi-Timeframe-Trend-Identification-System-with-Multi-Layer-Stop-Loss-Mechanism.md
490797,1d,PineScript,1d,SL+trailing,close_based_stop,SL+entry-relative+trailing,next bar's open (condition read at bar close),no,,hand-checked,,"L168: strategy.close_all(comment="""")",指数移动平均交叉智能定投链式止损跟踪系统-EMA-Crossover-Smart-DCA-with-Dual-Trailing-Stop-System.md
491505,1d,PineScript,1d,SL+trailing,close_based_stop,trailing,next bar's open (condition read at bar close),no,,auto,,"L42: strategy.close("""")",指数移动平均线交叉动态跟踪止损策略-EMA-Crossover-Dynamic-Trailing-Stop-Loss-Strategy.md
427453,2d,PineScript,1d,SL,stop_and_reverse,SL,"next bar's open, by an opposite entry",no,,hand-checked,,"L23: strategy.entry("""", strategy.long, comment="""")",KPL波动跟踪策略KPL-Swing-Trading-Strategy.md
427513,2d,PineScript,1d,SL+trailing,close_based_stop,SL,next bar's open (condition read at bar close),no,,auto,,"L145: strategy.close(TradeId + """", when=close_long)",最佳滑点追踪止损策略Best-Trailing-Stop-Strategy.md
428583,2d,PineScript,1d,TP,close_based_stop,TP+trailing,next bar's open (condition read at bar close),no,,auto,,"L175: strategy.close("""", when=close_long)",最佳追踪止盈策略Best-Trailing-Take-Profit-Strategy.md
428681,2d,PineScript,1d,SL+TP+trailing,close_based_stop,SL+TP+trailing,next bar's open (condition read at bar close),no,,auto,,"L36: strategy.close("""")",SMA-和-RSI-组合交易策略SMA-and-RSI-Combination-Trading-Strategy.md
441157,2d,PineScript,1d,SL+TP,close_based_stop,SL+TP+entry-relative,next bar's open (condition read at bar close),no,,hand-checked,,L31: strategy.close_all(),RSI指标跨周期交叉的止盈止损策略RSI-Indicator-Cross-Cycle-Profit-and-Stop-Loss-Strategy.md
451729,2d,PineScript,1d,SL,no_stop_exit,,no stop exit,no,,hand-checked,"stop/target names found, but none reaches an order call",,EMA5与EMA13交叉策略-EMA5-and-EMA13-Crossover-Strategy.md
484920,2d,PineScript,2d,TP,close_based_stop,TP+entry-relative,next bar's open (condition read at bar close),no,,auto,,"L98: strategy.close_all("""")",VWMA-EMA均线交叉马丁格尔策略渐进式增仓优化量化交易系统-VWMA-EMA-Crossover-Martingale-Strategy-Progressive-Position-Scaling-Optimized-Quantitative-Trading-System.md
488886,2d,PineScript,2d,SL,close_based_stop,SL+TP+trailing,next bar's open (condition read at bar close),no,,auto,,"L71: strategy.close_all("""")",多层级目标和尾随止损策略-Multi-Tiered-Target-and-Trailing-Stop-Strategy.md
426785,3d,PineScript,1d,SL+TP,close_based_stop,TP,next bar's open (condition read at bar close),no,,hand-checked,,"L13: strategy.close("""", when = close > TP)",主轴支撑反转指标交易策略Pivot-Support-Reversal-Indicator-Strategy.md
489186,3d,PineScript,3d,SL+TP,no_stop_exit,,no stop exit,no,,hand-checked,"stop/target names found, but none reaches an order call",,高级多功能SuperTrend趋势跟踪策略与自动止盈止损系统-Advanced-Multi-functional-SuperTrend-Trend-Following-Strategy-with-Automated-Take-Profit-and-Stop-Loss-System.md
492014,3d,PineScript,3d,SL+TP,close_based_stop,SL+TP,next bar's open (condition read at bar close),no,,auto,,"L57: strategy.close("""", comment="""")",趋势动量渗透指标交易策略-Trend-Momentum-Penetration-Indicator-Trading-Strategy.md
426568,5d,PineScript,1d,SL+TP,close_based_stop,SL+TP+entry-relative,next bar's open (condition read at bar close),no,,hand-checked,,"L34: strategy.close("""")",双HullMA组合判决阈值交易策略Dual-Hull-MA-Judgement-Threshold-Trading-Strategy.md
